,Date,Consumer Price Index for All Urban Consumers: housing(CBSA),All-Transactions House Price Index(MSAD),Consumer Price Index for All Urban Consumers: All Items(CBSA),"Economic Conditions Index,percent(MSA)","Total Gross Domestic Product, Millions of Dollars, Annual(MSA)",S&P/Case-Shiller MI-Detroit Home Price Index,"Civilian Labor Force,Persons, persons(MSA)",Consumer Price Index for All Urban Consumers: Owners: Equivalent Rent,"Per Capita Personal Income,Dollars, Annual(MSA)","new Private Housing Structures Authorized by Building Permits, Units, Monthly(MSA)","Resident Population, Thousands of Persons, Annual,(MSA)",Consumer Price Index for All Urban Consumers: Rent(CBSA),"Unemployment Rate, Percent(MSA)"
0,1976-01-01,51.200,,55.700,,,,,,7750,,,,
1,1976-02-01,51.200,,55.800,,,,,,,,,63.000,
2,1976-03-01,51.200,,55.700,,,,,,,,,,
3,1976-04-01,51.200,,56.000,,,,,,,,,63.500,
4,1976-05-01,51.500,,56.300,,,,,,,,,,
5,1976-06-01,51.800,,56.500,,,,,,,,,63.800,
6,1976-07-01,52.200,36.07,56.900,,,,,,,,,,
7,1976-08-01,52.600,,57.100,,,,,,,,,64.300,
8,1976-09-01,53.700,,57.600,,,,,,,,,,
9,1976-10-01,53.400,36.84,57.700,,,,,,,,,64.800,
10,1976-11-01,53.700,,58.000,,,,,,,,,,
11,1976-12-01,53.900,,58.200,,,,,,,,,65.400,
12,1977-01-01,54.100,36.78,58.500,,,,,,8744,,,,
13,1977-02-01,54.400,,58.900,,,,,,,,,66.200,
14,1977-03-01,55.100,,59.500,,,,,,,,,,
15,1977-04-01,55.600,37.06,60.200,,,,,,,,,67.000,
16,1977-05-01,55.200,,60.300,,,,,,,,,,
17,1977-06-01,55.700,,60.900,,,,,,,,,67.900,
18,1977-07-01,56.600,39.09,61.400,,,,,,,,,,
19,1977-08-01,56.200,,61.400,,,,,,,,,68.600,
20,1977-09-01,56.400,,61.500,,,,,,,,,,
21,1977-10-01,56.400,40.60,61.600,,,,,,,,,69.600,
22,1977-11-01,56.900,,62.100,,,,,,,,,,
23,1977-12-01,56.900,,62.000,,,,,,,,,70.200,
24,1978-01-01,57.100,41.57,62.200,,,,,,9730,,,71.100,
25,1978-02-01,57.100,,62.400,,,,,,,,,71.200,
26,1978-03-01,58.400,,63.400,,,,,,,,,71.800,
27,1978-04-01,58.800,44.43,64.000,,,,,,,,,72.600,
28,1978-05-01,59.400,,64.700,,,,,,,,,72.900,
29,1978-06-01,60.300,,65.400,,,,,,,,,72.900,
30,1978-07-01,60.000,46.81,65.500,,,,,,,,,73.500,
31,1978-08-01,60.600,,65.900,,,,,,,,,74.000,
32,1978-09-01,61.800,,66.500,,,,,,,,,74.800,
33,1978-10-01,63.200,49.26,67.600,,,,,,,,,75.000,
34,1978-11-01,63.600,,68.000,,,,,,,,,76.200,
35,1978-12-01,63.400,,68.000,,,,,,,,,76.900,
36,1979-01-01,64.400,51.38,69.000,,,,,,10586,,,76.400,
37,1979-02-01,66.300,,70.200,,,,,,,,,77.200,
38,1979-03-01,67.700,,71.200,,,,,,,,,77.400,
39,1979-04-01,67.700,55.35,71.700,,,,,,,,,78.300,
40,1979-05-01,67.600,,72.000,,,,,,,,,78.900,
41,1979-06-01,68.100,,72.500,,,,,,,,,79.100,
42,1979-07-01,70.200,57.49,73.800,,,,,,,,,80.200,
43,1979-08-01,71.700,,74.800,,,,,,,,,80.800,
44,1979-09-01,72.200,,75.300,,,,,,,,,80.900,
45,1979-10-01,74.100,58.15,76.400,,,,,,,,,82.700,
46,1979-11-01,76.600,,77.800,,,,,,,,,83.000,
47,1979-12-01,77.300,,78.500,,,,,,,,,83.200,
48,1980-01-01,78.500,57.15,79.800,,,,,,11250,,,83.400,
49,1980-02-01,79.800,,80.900,,,,,,,,,87.700,
50,1980-03-01,80.500,,81.700,,,,,,,,,86.200,
51,1980-04-01,83.200,58.62,83.500,,,,,,,,,86.200,
52,1980-05-01,82.600,,83.600,,,,,,,,,86.700,
53,1980-06-01,88.000,,86.400,,,,,,,,,87.900,
54,1980-07-01,86.100,58.97,85.400,,,,,,,,,87.800,
55,1980-08-01,85.900,,85.800,,,,,,,,,88.400,
56,1980-09-01,87.700,,87.300,,,,,,,,,89.200,
57,1980-10-01,90.400,58.90,88.900,,,,,,,,,89.200,
58,1980-11-01,90.500,,89.600,,,,,,,,,89.900,
59,1980-12-01,92.800,,90.700,,,,,,,,,91.200,
60,1981-01-01,91.200,59.29,90.300,,,,,,12020,,,91.300,
61,1981-02-01,91.000,,90.900,,,,,,,,,92.700,
62,1981-03-01,88.900,,90.200,,,,,,,,,92.700,
63,1981-04-01,91.100,60.13,91.600,,,,,,,,,91.900,
64,1981-05-01,92.300,,92.600,,,,,,,,,92.800,
65,1981-06-01,96.200,,94.400,,,,,,,,,92.600,
66,1981-07-01,96.700,60.68,95.200,,,,,,,,,92.600,
67,1981-08-01,97.200,,95.400,,,,,,,,,93.000,
68,1981-09-01,97.000,,95.600,,,,,,,,,93.800,
69,1981-10-01,94.300,61.07,94.700,,,,,,,,,94.300,
70,1981-11-01,92.700,,94.100,,,,,,,,,95.000,
71,1981-12-01,91.800,,93.600,,,,,,,,,96.300,
72,1982-01-01,93.200,60.87,94.500,,,,,,12532,,,96.300,
73,1982-02-01,90.800,,93.500,,,,,,,,,95.300,
74,1982-03-01,91.100,,93.600,,,,,,,,,95.500,
75,1982-04-01,95.000,59.31,95.400,,,,,,,,,95.600,
76,1982-05-01,95.500,,96.200,,,,,,,,,95.800,
77,1982-06-01,96.700,,97.300,,,,,,,,,97.300,
78,1982-07-01,98.000,53.06,98.400,,,,,,,,,98.400,
79,1982-08-01,98.200,,98.500,,,,,,,,,98.400,
80,1982-09-01,99.400,,99.200,,,,,,,,,96.900,
81,1982-10-01,99.600,49.52,99.300,,,,,,,,,97.700,
82,1982-11-01,100.000,,99.600,,,,,,,,,98.200,
83,1982-12-01,98.000,,98.400,,,,,100.000,,,,98.300,
84,1983-01-01,98.500,54.30,98.400,,,,,101.000,13429,,,98.800,
85,1983-02-01,98.300,,98.300,,,,,100.800,,,,98.900,
86,1983-03-01,98.300,,98.400,,,,,100.100,,,,99.100,
87,1983-04-01,100.300,53.52,99.200,,,,,100.600,,,,99.300,
88,1983-05-01,99.600,,99.200,,,,,98.900,,,,98.800,
89,1983-06-01,101.500,,99.800,,,,,99.700,,,,98.800,
90,1983-07-01,102.100,53.28,100.400,,,,,100.900,,,,99.600,
91,1983-08-01,101.500,,100.500,,,,,101.500,,,,100.100,
92,1983-09-01,101.300,,100.700,,,,,101.300,,,,100.000,
93,1983-10-01,101.100,51.72,100.300,,,,,101.400,,,,100.500,
94,1983-11-01,101.500,,100.900,,,,,100.800,,,,100.800,
95,1983-12-01,101.500,,101.000,,,,,101.500,,,,100.900,
96,1984-01-01,101.500,52.96,101.400,,,,,102.000,14932,,,101.500,
97,1984-02-01,101.800,,102.000,,,,,102.300,,,,101.700,
98,1984-03-01,102.300,,102.300,,,,,103.400,,,,102.500,
99,1984-04-01,102.500,52.77,102.800,,,,,103.000,,,,102.200,
100,1984-05-01,102.600,,102.800,,,,,102.900,,,,102.700,
101,1984-06-01,103.200,,103.000,,,,,102.200,,,,102.600,
102,1984-07-01,103.800,52.43,103.500,,,,,102.900,,,,103.000,
103,1984-08-01,103.900,,103.600,,,,,102.900,,,,103.200,
104,1984-09-01,105.500,,104.800,,,,,104.900,,,,104.900,
105,1984-10-01,105.500,52.33,104.900,,,,,105.100,,,,105.600,
106,1984-11-01,102.800,,103.900,,,,,104.900,,,,105.300,
107,1984-12-01,103.500,,104.000,,,,,104.400,,,,105.300,
108,1985-01-01,105.800,53.34,104.600,,,,,105.700,16347,,,106.200,
109,1985-02-01,106.000,,105.500,,,,,106.200,,,,107.300,
110,1985-03-01,106.700,,106.100,,,,,107.200,,,,108.900,
111,1985-04-01,106.600,54.26,106.200,,,,,107.700,,,,108.900,
112,1985-05-01,106.800,,106.300,,,,,107.200,,,,108.600,
113,1985-06-01,107.800,,106.600,,,,,107.200,,,,108.600,
114,1985-07-01,107.800,55.12,107.000,,,,,108.500,,,,109.500,
115,1985-08-01,107.300,,107.000,,,,,109.400,,,,110.200,
116,1985-09-01,109.200,,107.800,,,,,109.700,,,,111.100,
117,1985-10-01,107.500,55.78,107.600,,,,,109.600,,,,111.400,
118,1985-11-01,109.300,,108.700,,,,,109.700,,,,111.600,
119,1985-12-01,109.100,,108.700,,,,,109.700,,,,111.600,
120,1986-01-01,109.600,56.61,108.700,,,,,110.900,17330,,,113.300,
121,1986-02-01,110.600,,108.600,,,,,112.900,,,,114.800,
122,1986-03-01,109.600,,107.700,,,,,113.900,,,,116.500,
123,1986-04-01,109.900,58.53,107.300,,,,,114.500,,,,116.100,
124,1986-05-01,110.600,,108.200,,,,,115.300,,,,117.100,
125,1986-06-01,109.700,,108.000,,,,,113.900,,,,116.500,
126,1986-07-01,107.500,60.70,107.100,,,,,114.500,,,,117.600,
127,1986-08-01,110.800,,108.700,,,,,115.400,,,,117.800,
128,1986-09-01,108.800,,108.000,,,,,117.800,,,,119.700,
129,1986-10-01,110.500,62.46,109.100,,,,,117.600,,,,120.100,
130,1986-11-01,110.200,,109.400,,,,,118.000,,,,120.500,
131,1986-12-01,110.000,,109.200,,,,,118.100,,,,120.900,
132,1987-01-01,,64.43,,,,,,115.800,17810,,,120.900,
133,1987-02-01,112.500,,110.200,,,,,118.700,,,,121.800,
134,1987-03-01,,,,,,,,119.600,,,,123.000,
135,1987-04-01,112.800,67.22,111.200,,,,,120.700,,,,123.800,
136,1987-05-01,,,,,,,,120.200,,,,122.400,
137,1987-06-01,112.200,,111.100,,,,,120.700,,,,121.000,
138,1987-07-01,,68.66,,,,,,122.500,,,,122.400,
139,1987-08-01,114.100,,112.200,,,,,121.700,,,,123.600,
140,1987-09-01,,,,,,,,121.200,,,,123.600,
141,1987-10-01,114.700,69.26,114.100,,,,,123.600,,,,124.400,
142,1987-11-01,,,,,,,,125.100,,,,125.100,
143,1987-12-01,112.400,,112.600,,,,,125.000,,,,124.100,
144,1988-01-01,,70.23,,,,,,126.100,19128,1266.91866308572000,,124.900,
145,1988-02-01,115.000,,113.700,,,,,125.800,,1503.60792928627000,,125.200,
146,1988-03-01,,,,,,,,126.500,,2021.30722211217000,,126.100,
147,1988-04-01,114.200,72.69,114.400,,,,,125.200,,1789.93731624014000,,126.100,
148,1988-05-01,,,,,,,,126.700,,2089.64518465142000,,126.400,
149,1988-06-01,115.400,,115.400,,,,,126.000,,2338.08389924167000,,125.900,
150,1988-07-01,,74.41,,,,,,127.400,,1654.53968645200000,,126.200,
151,1988-08-01,118.600,,117.600,,,,,130.800,,1785.42368931235000,,127.400,
152,1988-09-01,,,,,,,,129.700,,1499.48372259706000,,127.600,
153,1988-10-01,117.900,75.14,118.600,,,,,129.600,,1494.05645894778000,,128.100,
154,1988-11-01,,,,,,,,130.100,,1283.27589219123000,,129.200,
155,1988-12-01,116.700,,118.300,,,,,129.300,,1439.19186034073000,,129.200,
156,1989-01-01,,75.86,,,,,,131.100,20517,1417.93677097495000,,129.300,
157,1989-02-01,119.600,,120.100,,,,,132.000,,1706.68527703784000,,129.500,
158,1989-03-01,,,,,,,,131.800,,1564.93085976384000,,129.000,
159,1989-04-01,119.500,78.05,121.700,,,,,132.800,,1803.11004825665000,,129.500,
160,1989-05-01,,,,,,,,132.000,,1512.63849201000000,,129.500,
161,1989-06-01,120.500,,122.100,,,,,133.100,,1448.33993249865000,,131.100,
162,1989-07-01,,79.94,,,,,,132.400,,1491.38142945736000,,130.000,
163,1989-08-01,121.900,,122.200,,,,,133.400,,1669.80459497540000,,131.300,
164,1989-09-01,,,,,,,,135.400,,1772.05264428922000,,131.800,
165,1989-10-01,124.000,80.73,124.600,,,,,138.700,,1658.72742456009000,,132.900,
166,1989-11-01,,,,,,,,139.200,,2106.71025777557000,,133.500,
167,1989-12-01,123.500,,124.400,,,,,140.100,,988.69299547138000,,133.600,
168,1990-01-01,,82.41,,,,,2118393,140.600,21300,2817.47195043842000,,134.900,7.7
169,1990-02-01,123.800,,126.100,5.48,,,2118139,139.000,,1623.08296644406000,,134.300,7.7
170,1990-03-01,,,,1.88,,,2116956,141.100,,1537.48434378987000,,134.900,7.7
171,1990-04-01,125.000,83.60,126.900,-0.42,,,2114338,142.000,,1338.68407528417000,,134.800,7.6
172,1990-05-01,,,,0.46,,,2112085,142.700,,1348.83542787441000,,136.600,7.6
173,1990-06-01,126.500,,127.700,3.08,,,2111028,144.200,,1305.87655449011000,,136.800,7.6
174,1990-07-01,,84.24,,0.44,,,2110982,145.000,,1390.65587082365000,,137.700,7.7
175,1990-08-01,127.900,,129.400,-2.12,,,2111427,145.900,,1298.97975969355000,,137.300,7.9
176,1990-09-01,,,,0.01,,,2110956,147.300,,1221.02150035516000,,136.700,8.0
177,1990-10-01,128.700,84.38,131.800,-3.44,,,2109705,147.400,,1105.13878199971000,,138.500,8.3
178,1990-11-01,,,,-5.04,,,2108668,147.400,,784.45056709924400,,137.300,8.6
179,1990-12-01,127.200,,131.200,-2.83,,,2108435,147.600,,822.81308644648900,,137.800,8.9
180,1991-01-01,,85.44,,-5.11,,58.420805575980000,2109282,147.200,21280,1064.04693530962000,,137.900,9.2
181,1991-02-01,129.100,,132.200,-7.44,,58.132122797438000,2111062,146.900,,804.01584255436600,,138.700,9.5
182,1991-03-01,,,,-1.81,,58.153972290979000,2112261,148.200,,787.12465784479700,,138.600,9.8
183,1991-04-01,125.800,86.71,131.700,1.38,,58.215093505422000,2111947,146.800,,1418.04715167071000,,136.900,9.8
184,1991-05-01,,,,2.63,,58.513590132415000,2110561,149.400,,1137.46206309787000,,139.200,9.8
185,1991-06-01,129.900,,133.500,2.32,,58.805506810130000,2109024,149.100,,1178.21718213464000,,138.500,9.7
186,1991-07-01,,87.38,,5.53,,59.040308045430000,2108252,148.000,,1288.92347197386000,,138.900,9.6
187,1991-08-01,128.900,,133.200,-1.37,,59.194733380454000,2109771,146.700,,1241.18565017308000,,139.500,9.5
188,1991-09-01,,,,0.02,,59.291017423581000,2114373,146.900,,1112.30314643085000,,139.000,9.6
189,1991-10-01,129.800,88.71,134.600,-0.63,,59.540291451383000,2121167,148.200,,1380.60904465614000,,139.600,9.7
190,1991-11-01,,,,1.13,,59.629448241186000,2128584,148.900,,1481.13568621596000,,139.600,9.8
191,1991-12-01,128.800,,134.000,-0.61,,59.756322425949000,2135064,149.900,,886.89249883731800,,139.500,9.9
192,1992-01-01,,89.29,,-2.22,,59.748947266121000,2139929,152.100,22296,1110.68816502598000,,140.100,9.9
193,1992-02-01,130.700,,134.900,-1.75,,59.844269900895000,2143620,150.000,,1399.16587977058000,,139.200,9.8
194,1992-03-01,,,,2.25,,60.076546336119000,2147522,148.900,,1529.19752903626000,,139.400,9.8
195,1992-04-01,130.700,89.84,135.300,6.27,,60.532636967719000,2152348,150.100,,1329.00971878350000,,139.800,9.7
196,1992-05-01,,,,0.24,,60.777587462650000,2157404,150.200,,1368.44866727807000,,139.800,9.7
197,1992-06-01,131.900,,135.500,-0.82,,60.836953400886000,2161557,151.600,,1294.26829681452000,,140.200,9.6
198,1992-07-01,,90.55,,3.72,,60.895727017283000,2164187,153.100,,1155.97933738106000,,140.300,9.6
199,1992-08-01,132.500,,135.800,3.67,,61.054677458562000,2164227,152.300,,1146.70273525455000,,135.800,9.4
200,1992-09-01,,,,1.44,,61.254502233905000,2161051,152.900,,1824.11541526577000,,137.600,9.1
201,1992-10-01,133.300,91.29,137.500,2.01,,61.244375303716000,2155550,153.400,,1226.18112495583000,,138.800,8.7
202,1992-11-01,,,,0.29,,61.271618349261000,2148939,153.400,,874.83944559158600,,140.600,8.3
203,1992-12-01,133.000,,137.100,1.33,,61.422945115017000,2143103,153.700,,1301.68565948908000,,141.200,7.9
204,1993-01-01,,91.53,,4.34,,61.564205465854000,2139948,156.200,23351,1253.81268340098000,,142.800,7.5
205,1993-02-01,133.400,,138.300,3.44,,61.680515614023000,2140138,155.600,,1302.38345399553000,,142.300,7.3
206,1993-03-01,,,,2.22,,61.696940206338000,2143179,155.100,,1189.65554869614000,,140.700,7.1
207,1993-04-01,132.100,92.25,138.700,2.46,,61.932130620184000,2147722,153.700,,1157.80687151686000,,140.300,7.0
208,1993-05-01,,,,0.28,,62.246200696814000,2152550,154.800,,1045.71349455110000,,141.400,7.0
209,1993-06-01,133.900,,139.100,0.60,,62.674786245911000,2156898,155.600,,1171.72967811404000,,142.200,7.0
210,1993-07-01,,93.24,,7.63,,62.960126189790000,2159864,156.700,,1360.54464503664000,,141.800,7.0
211,1993-08-01,135.000,,139.900,-0.25,,63.229618513247000,2162046,157.600,,1186.71576220116000,,143.100,7.0
212,1993-09-01,,,,0.42,,63.397897094885000,2165002,159.100,,1538.63811447008000,,144.100,7.0
213,1993-10-01,137.000,93.87,141.900,5.41,,63.770559628863000,2169221,161.300,,1101.40673147126000,,145.900,7.0
214,1993-11-01,,,,3.30,,64.176451529003000,2174215,159.100,,1375.96653761884000,,144.300,7.1
215,1993-12-01,135.600,,140.200,3.57,,64.386750570820000,2178555,159.500,,1372.73412793729000,,144.400,7.0
216,1994-01-01,,94.94,,6.85,,64.526662506728000,2180240,158.800,24995,1446.20378900247000,,143.000,6.9
217,1994-02-01,136.400,,141.700,3.79,,64.660295218769000,2178001,159.900,,1302.67192261812000,,144.400,6.6
218,1994-03-01,,,,3.84,,65.083993103199000,2172473,161.200,,1299.26139000846000,,145.100,6.3
219,1994-04-01,136.700,95.52,142.600,3.33,,65.256244665423000,2165743,160.500,,1443.93747313512000,,144.000,6.0
220,1994-05-01,,,,2.32,,65.619987111024000,2160244,162.400,,1612.06712082116000,,145.700,5.7
221,1994-06-01,137.600,,144.800,3.72,,65.958582512739000,2157566,161.000,,1476.80554975841000,,145.200,5.5
222,1994-07-01,,97.18,,4.17,,66.375290051027000,2158124,162.500,,1407.07835616381000,,145.700,5.3
223,1994-08-01,138.300,,145.300,3.31,,66.729461923316000,2160569,161.900,,1399.38280223112000,,145.200,5.1
224,1994-09-01,,,,4.82,,67.035788967980000,2162874,162.800,,1509.16968381001000,,146.200,4.9
225,1994-10-01,138.800,98.02,145.700,0.67,,67.319372724672000,2163857,163.400,,1639.74448160010000,,147.100,4.7
226,1994-11-01,,,,5.32,,67.497472593027000,2163712,164.100,,1434.98384345542000,,147.000,4.6
227,1994-12-01,138.500,,145.500,2.36,,67.938323772452000,2162944,163.600,,1559.05232924542000,,147.100,4.5
228,1995-01-01,,100.00,,0.25,,68.973288693342000,2162321,163.900,26313,1302.13139154960000,,147.000,4.6
229,1995-02-01,139.100,,147.300,1.85,,70.825484838394000,2162839,164.100,,1395.57618999074000,,147.300,4.7
230,1995-03-01,,,,1.21,,70.738984336684000,2164545,164.800,,1563.73224362990000,,147.400,4.9
231,1995-04-01,139.300,102.12,148.100,-2.00,,70.189054563273000,2166574,164.700,,1432.17774169667000,,147.400,5.1
232,1995-05-01,,,,2.07,,70.272003905168000,2168109,164.500,,1563.41143577930000,,147.100,5.2
233,1995-06-01,140.200,,148.300,3.87,,70.560580459181000,2168866,165.100,,1455.76174908371000,,147.400,5.1
234,1995-07-01,,104.45,,1.56,,70.907044257815000,2169088,165.300,,1490.33048680390000,,147.700,5.0
235,1995-08-01,141.200,,148.800,1.61,,71.367546335356000,2169179,165.700,,1646.34038300201000,,148.000,4.9
236,1995-09-01,,,,1.88,,71.937529278620000,2169611,166.100,,1355.27841499486000,,148.100,4.8
237,1995-10-01,142.100,106.43,149.800,3.14,,72.392413924434000,2170895,166.700,,1726.15110176750000,,148.500,4.7
238,1995-11-01,,,,2.02,,72.891683855400000,2173187,167.500,,1536.40671099974000,,149.400,4.6
239,1995-12-01,143.100,,150.300,3.43,,73.205573436914000,2176912,168.600,,1149.39371003818000,,150.100,4.5
240,1996-01-01,,107.97,,1.83,,73.582338548798000,2182370,169.100,27488,1397.43917846918000,,150.700,4.5
241,1996-02-01,144.200,,151.300,2.29,,74.150437485934000,2189036,169.200,,1566.32857132431000,,151.100,4.6
242,1996-03-01,,,,-1.11,,74.705688149280000,2196342,168.900,,1448.30136951024000,,151.300,4.6
243,1996-04-01,144.900,110.98,152.300,0.85,,75.408583155196000,2203697,169.800,,1707.64932191069000,,152.200,4.7
244,1996-05-01,,,,0.18,,75.965354807113000,2210556,169.700,,1635.05971379729000,,152.600,4.8
245,1996-06-01,145.100,,151.900,3.26,,76.509402383759000,2216398,169.400,,1616.70095056650000,,152.600,4.8
246,1996-07-01,,114.03,,1.51,,77.035771479355000,2221226,169.900,,1730.44956294990000,,153.000,4.9
247,1996-08-01,146.300,,152.700,4.37,,77.594838256472000,2225295,170.700,,1813.50685329145000,,153.600,4.9
248,1996-09-01,,,,2.09,,78.020511580308000,2228244,171.400,,1614.86594860031000,,153.700,4.9
249,1996-10-01,146.500,116.16,153.800,0.76,,78.584696355909000,2229895,171.200,,1606.87146527862000,,153.500,4.9
250,1996-11-01,,,,1.35,,78.956569111109000,2230450,172.200,,1755.18897176905000,,154.400,4.9
251,1996-12-01,147.000,,154.300,0.40,,79.170553859005000,2229970,173.000,,1641.90481894658000,,154.700,4.9
252,1997-01-01,,118.33,,1.98,,79.347641909605000,2228393,173.400,28855,1747.69608083162000,,155.000,4.8
253,1997-02-01,148.800,,155.400,2.43,,79.236396891968000,2226335,174.000,,1658.61978164896000,,155.100,4.7
254,1997-03-01,,,,2.36,,80.247435748319000,2224689,174.600,,1318.77978766329000,,155.700,4.5
255,1997-04-01,149.400,121.48,156.000,-2.59,,80.974670438976000,2224597,175.500,,1804.39314085083000,,156.000,4.3
256,1997-05-01,,,,2.22,,81.727976986796000,2226274,175.800,,1301.97610903168000,,156.100,4.2
257,1997-06-01,148.900,,155.000,2.06,,82.220285722747000,2229149,175.500,,1409.33036201211000,,155.800,4.1
258,1997-07-01,,124.05,,4.24,,82.519007731735000,2232197,176.000,,1410.43384254999000,,156.300,4.1
259,1997-08-01,149.900,,156.900,0.79,,82.836884625563000,2234636,176.300,,1392.68736975630000,,156.400,4.1
260,1997-09-01,,,,0.69,,83.480351999872000,2236554,176.900,,1626.20989766732000,,156.700,4.1
261,1997-10-01,152.000,125.82,157.900,-0.61,,83.998812019525000,2238371,177.500,,1659.59519967586000,,157.000,4.1
262,1997-11-01,,,,0.63,,84.502890258316000,2240222,178.400,,1187.03393748815000,,157.400,4.0
263,1997-12-01,151.500,,157.100,2.12,,84.754108702535000,2242556,178.800,,1703.25740083953000,,157.800,4.0
264,1998-01-01,,127.79,,8.49,,85.183613461234000,2245598,179.200,30807,1815.61078879341000,,158.200,3.9
265,1998-02-01,153.100,,158.500,2.55,,85.743228395941000,2249335,179.700,,1763.92885075310000,,158.500,3.8
266,1998-03-01,,,,0.93,,86.279297303714000,2252940,180.100,,1908.04153245283000,,158.800,3.8
267,1998-04-01,152.700,130.49,159.100,2.07,,86.950354834310000,2255992,180.400,,1701.32158611167000,,159.400,3.8
268,1998-05-01,,,,-0.39,,87.585163438196000,2258804,180.500,,1660.96308197507000,,159.900,3.8
269,1998-06-01,152.800,,159.400,-3.31,,88.056933889250000,2261785,180.900,,1827.17658441317000,,160.500,3.9
270,1998-07-01,,133.38,,-7.12,,88.473730279087000,2215082,181.300,,1766.58325401774000,,161.100,4.6
271,1998-08-01,154.000,,160.500,6.49,,89.011992827176000,2269294,182.200,,1763.19659533838000,,162.000,4.1
272,1998-09-01,,,,0.87,,89.445717375505000,2273212,183.300,,1606.37163701849000,,163.100,4.2
273,1998-10-01,155.100,135.24,161.000,-0.17,,89.977194239597000,2276086,184.200,,1750.81530153138000,,163.900,4.3
274,1998-11-01,,,,0.76,,90.628735571906000,2277564,184.500,,1778.76561153747000,,163.700,4.3
275,1998-12-01,154.800,,161.200,0.07,,91.504575915412000,2278192,184.800,,2143.50293050111000,,164.100,4.3
276,1999-01-01,,137.96,,-2.39,,92.433566860312000,2278790,184.200,32264,1371.25970337028000,,164.600,4.3
277,1999-02-01,154.700,,161.200,-0.94,,93.058416531369000,2279951,183.800,,1372.55758050961000,,164.300,4.2
278,1999-03-01,,,,4.47,,93.484669985412000,2281959,183.600,,1905.39747958357000,,164.000,4.2
279,1999-04-01,155.100,141.72,164.100,5.29,,93.628538662163000,2284303,183.500,,1761.90795772846000,,164.500,4.0
280,1999-05-01,,,,2.16,,94.215848247226000,2286420,183.200,,1892.38569333587000,,164.600,3.9
281,1999-06-01,155.800,,163.800,0.86,,94.887174104603000,2288931,184.700,,1751.03337571088000,,164.900,3.8
282,1999-07-01,,145.58,,3.03,,95.861369256535000,2292291,184.900,,1589.22109628926000,,166.100,3.7
283,1999-08-01,157.800,,164.200,1.67,,96.588973074836000,2296605,185.300,,1562.37522195538000,,167.000,3.7
284,1999-09-01,,,,0.26,,97.410244073581000,2301726,186.300,,1607.87489711019000,,167.300,3.7
285,1999-10-01,157.800,147.61,165.900,9.84,,98.005089111497000,2306850,186.300,,1466.96705791614000,,166.800,3.6
286,1999-11-01,,,,2.31,,98.667938151211000,2311075,186.800,,1530.84307453213000,,167.500,3.5
287,1999-12-01,157.500,,165.600,3.74,,99.477957211288000,2313133,186.700,,1394.79655251801000,,169.400,3.3
288,2000-01-01,,150.82,,4.85,,100.145624940477000,2312527,188.900,34700,1534.27344023125000,4457.471,170.700,3.2
289,2000-02-01,159.900,,167.300,-0.26,,100.876063618489000,2309600,189.300,,1530.05588563895000,,171.200,3.1
290,2000-03-01,,,,0.20,,101.374340465189000,2305811,190.000,,1881.00522257106000,,171.800,3.1
291,2000-04-01,161.100,153.37,168.300,3.90,,101.764303345094000,2302527,190.800,,1509.18012181798000,,173.000,3.2
292,2000-05-01,,,,-1.17,,102.578367591414000,2299713,191.900,,1390.87246282380000,,173.700,3.3
293,2000-06-01,161.300,,170.900,2.00,,103.275347709736000,2296233,191.100,,1503.71829272377000,,171.900,3.4
294,2000-07-01,,156.26,,-0.35,,103.991880229060000,2291727,191.300,,1427.37494881739000,,171.900,3.5
295,2000-08-01,162.200,,170.100,-1.22,,104.226073038553000,2287019,192.200,,1632.54413093053000,,172.800,3.5
296,2000-09-01,,,,-1.06,,104.652181447069000,2283295,194.000,,1471.59655063203000,,173.500,3.5
297,2000-10-01,163.600,158.89,171.900,0.62,,105.061570847979000,2281606,194.500,,1534.87989612117000,,173.900,3.6
298,2000-11-01,,,,-0.90,,106.094649373514000,2281887,195.000,,1359.87688702081000,,174.400,3.7
299,2000-12-01,163.700,,171.700,-3.55,,106.679430117200000,2283034,196.400,,1473.32168790404000,,175.000,3.9
300,2001-01-01,,161.67,,-11.98,183814.402,107.327207555216000,2283521,197.600,34949,1468.07193155539000,4479.232,176.000,4.1
301,2001-02-01,165.300,,173.200,3.51,,107.504922771099000,2281760,197.300,,1494.85225125427000,,175.500,4.3
302,2001-03-01,,,,-0.48,,108.041081367247000,2276707,197.900,,1290.97774649126000,,175.900,4.5
303,2001-04-01,164.900,164.00,174.500,-4.83,,108.390370222365000,2268517,198.000,,1478.55148392645000,,176.500,4.6
304,2001-05-01,,,,-2.21,,108.849527043403000,2259100,197.600,,1460.78693422625000,,176.500,4.6
305,2001-06-01,166.900,,175.800,-0.26,,109.142067174766000,2250481,197.600,,1436.09834302873000,,176.500,4.7
306,2001-07-01,,166.74,,-1.71,,109.661038026742000,2244203,197.300,,1492.62005832218000,,176.600,4.8
307,2001-08-01,167.400,,175.100,-6.54,,110.412812006896000,2240167,197.700,,1289.78710375729000,,177.200,5.1
308,2001-09-01,,,,-1.31,,110.852826056309000,2237206,198.300,,1369.93888522841000,,177.400,5.4
309,2001-10-01,167.100,168.20,174.800,-4.31,,111.102962985304000,2234159,198.800,,1223.33614923931000,,178.200,5.7
310,2001-11-01,,,,-2.83,,110.931491042359000,2230201,200.000,,1172.40679223478000,,179.200,6.0
311,2001-12-01,166.900,,173.500,-2.13,,111.250945306575000,2225545,200.100,,1440.84482850530000,,181.000,6.2
312,2002-01-01,,170.32,,-4.92,189898.857,111.468549212847000,2220637,200.300,34556,1473.31110212125000,4486.067,181.400,6.3
313,2002-02-01,169.900,,176.200,0.65,,112.152837481561000,2216230,201.800,,1379.97220347479000,,182.800,6.3
314,2002-03-01,,,,-0.50,,112.335338984583000,2212851,201.900,,1502.06357825471000,,183.300,6.4
315,2002-04-01,170.100,172.23,179.000,1.00,,112.320436432266000,2210749,202.000,,1505.54595274179000,,183.500,6.4
316,2002-05-01,,,,0.29,,112.818005800529000,2209665,202.700,,1491.51138823567000,,184.000,6.4
317,2002-06-01,171.000,,179.000,0.49,,113.376892672389000,2208755,202.900,,1372.89571440595000,,181.800,6.3
318,2002-07-01,,173.98,,4.06,,114.032652617784000,2206856,203.400,,1444.91854568371000,,182.100,6.2
319,2002-08-01,172.100,,180.900,-1.05,,114.545459063234000,2204074,204.400,,1445.78425930098000,,182.800,6.2
320,2002-09-01,,,,-1.45,,114.797117137000000,2201837,205.300,,1259.58290825268000,,183.200,6.1
321,2002-10-01,170.800,174.93,180.400,-1.05,,114.877889183131000,2201141,205.700,,1646.55186512866000,,183.500,6.2
322,2002-11-01,,,,-1.12,,115.527095541677000,2202740,206.500,,1672.22044082781000,,184.100,6.3
323,2002-12-01,172.200,,179.700,-1.41,,115.606834247636000,2206329,207.900,,1707.27871090844000,,188.400,6.5
324,2003-01-01,,176.27,,-0.50,195266.952,115.704197817420000,2211498,207.500,35244,1442.62671734385000,4492.756,189.200,6.8
325,2003-02-01,173.500,,182.400,-3.81,,115.343751840309000,2217259,207.000,,1459.47168376046000,,189.800,7.0
326,2003-03-01,,,,-1.35,,116.170704240540000,2221885,207.800,,1149.16336288240000,,191.200,7.2
327,2003-04-01,173.700,177.63,182.200,-3.96,,117.119382479905000,2224066,207.300,,1347.92568612908000,,190.600,7.4
328,2003-05-01,,,,-0.47,,118.107721570020000,2223341,207.100,,1702.77125655748000,,190.700,7.5
329,2003-06-01,174.300,,182.800,-1.53,,117.839076197409000,2220518,206.300,,1594.40368009123000,,190.300,7.6
330,2003-07-01,,178.74,,-1.13,,117.794578284647000,2216522,206.800,,1574.28453337986000,,190.200,7.6
331,2003-08-01,175.900,,183.600,-0.68,,117.831857665160000,2212011,206.700,,1330.29216544815000,,190.000,7.5
332,2003-09-01,,,,-0.07,,118.129138200138000,2207373,206.300,,1890.46569655686000,,190.200,7.4
333,2003-10-01,172.800,180.94,183.300,-1.10,,118.797948450458000,2203552,206.700,,2132.72720735398000,,190.800,7.2
334,2003-11-01,,,,1.31,,119.113946623325000,2201026,206.800,,1438.72458470373000,,191.400,7.0
335,2003-12-01,172.500,,181.300,1.15,,119.440948627769000,2199727,207.400,,1605.41384989152000,,190.300,6.8
336,2004-01-01,,181.98,,0.08,198259.217,119.772719202820000,2199315,207.400,35975,1708.14928467078000,4498.311,190.800,6.8
337,2004-02-01,174.100,,183.400,-1.25,,120.005021775625000,2199525,207.200,,1821.94640657940000,,191.400,6.8
338,2004-03-01,,,,-1.32,,120.950250241537000,2200711,207.700,,1942.86797083527000,,191.100,6.8
339,2004-04-01,175.000,182.76,184.700,5.17,,121.378273827090000,2202562,208.000,,1797.85829649923000,,190.900,6.9
340,2004-05-01,,,,-3.04,,122.167382644254000,2204768,207.800,,1547.18997797777000,,190.300,7.1
341,2004-06-01,177.800,,185.800,-2.55,,121.804282446613000,2207450,207.200,,1632.59820540289000,,193.900,7.2
342,2004-07-01,,184.24,,-1.65,,121.600407543801000,2210882,207.600,,1973.88907924486000,,194.000,7.3
343,2004-08-01,178.800,,186.800,4.98,,121.604462590875000,2214348,207.800,,1854.76173793637000,,193.500,7.4
344,2004-09-01,,,,1.40,,121.799779882900000,2216803,205.700,,1868.54809795337000,,193.200,7.5
345,2004-10-01,175.800,185.30,187.600,1.08,,122.111487987957000,2217508,207.100,,1783.74949148558000,,193.700,7.5
346,2004-11-01,,,,-1.18,,122.437970548936000,2216493,208.000,,1957.04978267080000,,194.500,7.6
347,2004-12-01,175.700,,185.300,-1.05,,122.701687488925000,2214868,207.400,,1311.73200545673000,,192.900,7.6
348,2005-01-01,,186.78,,1.68,205241.670,123.264822557155000,2213259,207.300,36868,1645.51666961220000,4494.398,193.400,7.6
349,2005-02-01,179.000,,187.800,-0.64,,123.956717477040000,2212026,208.100,,2047.59286488015000,,194.300,7.5
350,2005-03-01,,,,-1.09,,124.763092736429000,2211466,208.500,,1453.03378992056000,,194.400,7.4
351,2005-04-01,179.900,187.27,189.800,2.59,,125.538781109349000,2211813,208.100,,1614.13545743593000,,194.700,7.2
352,2005-05-01,,,,0.91,,126.499994060276000,2212588,207.800,,1273.21624392866000,,195.000,7.1
353,2005-06-01,181.700,,189.600,0.95,,125.861954998608000,2212863,207.900,,1393.06264385916000,,192.800,6.9
354,2005-07-01,,187.59,,0.48,,125.263985800886000,2212134,208.300,,1222.99619943071000,,193.100,6.7
355,2005-08-01,182.200,,192.200,-0.24,,124.676456949945000,2210347,209.100,,1452.50111264911000,,193.700,6.6
356,2005-09-01,,,,1.11,,124.654585635672000,2207767,210.100,,1161.83082112869000,,194.600,6.6
357,2005-10-01,184.900,186.15,195.100,0.43,,125.121343118008000,2204745,209.800,,1196.06924481972000,,194.900,6.6
358,2005-11-01,,,,-2.04,,125.684967496591000,2201898,210.400,,1219.72213941166000,,195.200,6.7
359,2005-12-01,184.100,,192.400,-0.97,,126.343795116448000,2199370,209.600,,879.34901614302800,,199.400,6.8
360,2006-01-01,,186.45,,-2.42,201558.669,126.872676465600000,2197235,209.200,37474,1076.99857248499000,4484.542,199.900,6.9
361,2006-02-01,188.500,,194.800,-4.15,,127.300590714812000,2195453,209.800,,950.49703362881700,,200.300,6.9
362,2006-03-01,,,,1.08,,127.869665112795000,2193868,210.800,,1059.03304805983000,,200.600,7.0
363,2006-04-01,188.600,181.88,197.200,-0.39,,126.023279691662000,2192230,210.900,,915.52589650820200,,199.600,7.0
364,2006-05-01,,,,-1.44,,125.318526521895000,2190472,211.300,,879.57062189699500,,199.800,7.0
365,2006-06-01,189.300,,196.800,-1.30,,123.757612285528000,2188525,213.200,,967.15933732319100,,200.200,7.1
366,2006-07-01,,178.84,,-6.36,,122.626993553785000,2186578,213.700,,733.27697376039600,,200.300,7.2
367,2006-08-01,189.300,,198.600,-0.39,,121.590463742755000,2185328,214.200,,639.65091413630800,,200.800,7.2
368,2006-09-01,,,,-1.40,,120.626348833465000,2184812,213.700,,563.21146959671400,,200.500,7.3
369,2006-10-01,188.700,179.20,196.600,-2.31,,120.346360943958000,2184369,213.800,,568.97781661898400,,201.200,7.3
370,2006-11-01,,,,-0.25,,119.842039233366000,2183328,214.200,,518.65135090197600,,201.600,7.2
371,2006-12-01,187.400,,196.400,0.28,,118.654425933608000,2180998,213.900,,570.69209338006400,,202.700,7.1
372,2007-01-01,,175.89,,-2.44,204804.192,118.163890620692000,2177348,214.950,38730,476.06196212418600,4456.582,203.248,7.0
373,2007-02-01,188.221,,198.064,5.02,,117.881678279057000,2172766,215.417,,531.94872349023900,,203.558,6.9
374,2007-03-01,,,,0.28,,118.590902442000000,2167367,215.400,,522.47442276393800,,204.229,6.9
375,2007-04-01,191.234,172.11,200.418,-1.01,,116.675395142795000,2161815,215.683,,397.90625093041500,,204.353,6.9
376,2007-05-01,,,,-0.17,,113.974689364664000,2156764,215.152,,440.48105349387800,,205.240,6.9
377,2007-06-01,190.924,,201.585,-1.26,,111.474701172218000,2152544,214.720,,375.77316047622400,,205.499,7.0
378,2007-07-01,,162.85,,-0.80,,111.070785253298000,2149220,214.287,,373.44502737445100,,205.651,7.2
379,2007-08-01,190.252,,199.679,-1.32,,109.742683277941000,2146521,214.011,,323.28410701599400,,205.955,7.3
380,2007-09-01,,,,-4.82,,108.511821720986000,2143940,213.892,,330.41329261161800,,205.800,7.4
381,2007-10-01,190.872,161.87,201.786,-4.91,,106.554937279340000,2140888,213.507,,299.74237835675300,,206.296,7.5
382,2007-11-01,,,,2.79,,104.165934017975000,2136568,213.387,,315.31480697855600,,204.604,7.4
383,2007-12-01,187.147,,200.201,-1.31,,102.454298475191000,2131091,213.498,,211.76606965981500,,204.541,7.4
384,2008-01-01,,158.12,,1.40,193321.790,100.378583389806000,2125119,213.741,39114,278.49408751713200,4423.781,204.515,7.3
385,2008-02-01,191.101,,202.378,-1.69,,98.644838690767000,2119233,214.438,,371.84438833297300,,204.644,7.2
386,2008-03-01,,,,-4.85,,97.923734272642000,2114250,214.702,,215.75452214142000,,204.469,7.3
387,2008-04-01,193.253,147.96,205.281,-3.89,,96.268576491250000,2110489,215.806,,244.15105344279100,,204.934,7.5
388,2008-05-01,,,,-4.16,,94.587397675623000,2107962,215.726,,275.20160171826700,,204.925,7.7
389,2008-06-01,193.789,,207.593,1.36,,93.363409129786000,2106201,216.098,,208.81361942544000,,204.935,7.9
390,2008-07-01,,137.70,,-6.68,,92.301236561337000,2104109,215.820,,211.97714007525200,,204.201,8.2
391,2008-08-01,193.596,,209.484,-6.09,,90.415465079716000,2101154,215.177,,194.45125765277000,,203.302,8.4
392,2008-09-01,,,,-3.72,,87.784034728577000,2097457,215.044,,221.68691404955100,,203.423,8.7
393,2008-10-01,193.419,133.57,205.238,-5.76,,84.558265310323000,2093108,215.028,,179.69412896492100,,204.530,9.1
394,2008-11-01,,,,-8.06,,82.516280318227000,2087794,214.579,,96.03935401695190,,204.805,9.7
395,2008-12-01,189.646,,197.991,-14.11,,80.245294937729000,2080976,212.441,,159.40044657043600,,204.711,10.3
396,2009-01-01,,136.14,,-35.81,178663.033,77.690880760883000,2091730,212.583,36885,160.67215113953800,4403.437,205.706,11.7
397,2009-02-01,192.029,,201.913,-2.86,,75.445342802162000,2101270,212.754,,91.26526974682880,,207.584,12.9
398,2009-03-01,,,,-2.76,,73.137469399603000,2110578,214.580,,77.53603999061720,,208.051,14.0
399,2009-04-01,190.811,128.55,202.373,-11.30,,72.202811656955000,2119933,214.512,,99.21732720892690,,207.968,15.0
400,2009-05-01,,,,-20.14,,71.668627684848000,2129151,213.752,,90.64446466842260,,207.595,15.7
401,2009-06-01,191.716,,204.537,-9.66,,69.904799892577000,2138446,214.658,,94.50332937016670,,207.895,16.4
402,2009-07-01,,122.09,,8.56,,69.309746752921000,2128373,213.762,,111.71990436547900,,207.291,16.2
403,2009-08-01,191.121,,204.673,0.77,,69.667501058498000,2118070,213.774,,123.71156314615000,,206.129,16.1
404,2009-09-01,,,,1.30,,70.600470837515000,2108018,211.907,,138.04060924403000,,205.046,15.9
405,2009-10-01,190.163,118.58,205.079,0.91,,71.404503996997000,2099222,210.414,,138.23209734752600,,204.071,15.7
406,2009-11-01,,,,-0.70,,71.607421293992000,2093375,211.047,,126.59104970653200,,204.501,15.5
407,2009-12-01,189.325,,203.880,1.18,,72.077842027775000,2091129,210.592,,145.67342123543600,,204.518,15.4
408,2010-01-01,,116.93,,2.06,190585.335,72.140939497078000,2091127,209.822,37995,444.77989445847500,4291.508,204.538,15.3
409,2010-02-01,188.987,,203.380,-0.21,,71.565012487219000,2090848,209.644,,215.66273463597700,,204.108,15.1
410,2010-03-01,,,,0.46,,70.157287753067000,2088392,209.057,,208.06022676450100,,205.193,14.9
411,2010-04-01,187.919,114.97,205.248,6.36,,70.287395926209000,2083237,208.287,,183.85287050442400,,204.440,14.6
412,2010-05-01,,,,6.70,,69.967099374754000,2075499,208.451,,174.90897308074500,,204.718,14.3
413,2010-06-01,188.203,,204.891,6.49,,70.281649330501000,2065764,208.301,,344.38524581174600,,204.728,13.9
414,2010-07-01,,115.94,,2.67,,70.011353655319000,2055533,207.625,,171.22229260375600,,204.492,13.6
415,2010-08-01,187.849,,205.412,-1.94,,69.355930189844000,2046030,208.198,,325.05566546239400,,204.905,13.4
416,2010-09-01,,,,4.33,,68.298483938067000,2037208,208.053,,219.51486647574300,,204.701,13.2
417,2010-10-01,188.118,116.37,205.824,5.07,,67.730198068545000,2028781,208.534,,275.38798313695300,,205.651,12.9
418,2010-11-01,,,,0.84,,67.383240158642000,2020405,208.821,,290.96280060218400,,204.967,12.7
419,2010-12-01,188.464,,206.384,3.98,,67.798912537971000,2012417,209.162,,337.43093365098700,,205.509,12.3
420,2011-01-01,,112.84,,5.65,200061.237,68.064807013515000,2006223,209.093,40681,220.73829998840800,4291.696,205.527,12.0
421,2011-02-01,185.941,,206.816,5.02,,68.685924776608000,2002173,208.273,,222.37689329411200,,205.398,11.8
422,2011-03-01,,,,4.69,,67.752390692401000,1999832,208.460,,249.74610982185100,,205.789,11.7
423,2011-04-01,187.973,110.61,211.673,7.16,,66.867872912338000,1998820,208.484,,257.36207030618600,,205.984,11.7
424,2011-05-01,,,,2.26,,67.177634814565000,1999043,209.161,,195.73276497383000,,207.489,11.7
425,2011-06-01,189.277,,213.506,2.69,,69.457952391531000,1999910,209.237,,308.95256760545500,,207.513,11.7
426,2011-07-01,,112.93,,4.48,,71.256584755114000,2000794,209.684,,345.10116554830500,,208.533,11.6
427,2011-08-01,190.199,,213.924,2.93,,71.295223520308000,2001553,210.223,,242.56376665392100,,208.899,11.4
428,2011-09-01,,,,3.29,,71.810131374619000,2002216,210.158,,270.36076089508200,,208.400,11.2
429,2011-10-01,190.691,113.26,212.927,4.32,,71.203646796971000,2002874,209.889,,245.14730977051400,,209.813,10.8
430,2011-11-01,,,,6.05,,71.138585527327000,2003073,209.995,,310.19201985940400,,210.629,10.5
431,2011-12-01,190.504,,213.505,1.00,,70.402094370909000,2002370,210.043,,362.89685656414400,,211.088,10.3
432,2012-01-01,,110.81,,6.01,212218.111,70.920844413015000,2000940,210.371,42523,317.76761695261900,4300.864,211.100,10.1
433,2012-02-01,192.088,,214.836,3.38,,71.206317512028000,1999802,211.173,,366.71221256499000,,211.789,10.0
434,2012-03-01,,,,3.65,,70.796094928992000,1999572,211.302,,411.57513386294200,,212.239,10.0
435,2012-04-01,192.136,112.06,216.194,0.02,,70.197741367287000,1999892,211.555,,337.29035681838000,,212.376,10.1
436,2012-05-01,,,,0.45,,72.534462225716000,2000832,211.881,,464.34249496331900,,213.054,10.1
437,2012-06-01,190.264,,214.464,1.70,,74.806546877693000,2002411,212.097,,314.03096696500000,,213.315,10.2
438,2012-07-01,,114.61,,2.95,,76.095360609371000,2004495,212.349,,373.64432518073900,,213.703,10.1
439,2012-08-01,193.558,,217.098,1.50,,77.057558171924000,2007209,213.765,,380.53921721851100,,215.186,10.1
440,2012-09-01,,,,2.38,,77.762337660296000,2010775,213.965,,354.51360290046900,,215.986,10.1
441,2012-10-01,194.330,116.59,218.104,1.01,,79.146496568177000,2014517,214.434,,385.17782852368600,,217.761,10.1
442,2012-11-01,,,,2.85,,80.152437126474000,2017979,214.866,,429.45406637527200,,217.713,10.1
443,2012-12-01,194.035,,216.569,0.19,,81.326783467364000,2021124,215.108,,392.01712184251500,,217.834,10.1
444,2013-01-01,,119.21,,2.21,219917.961,82.235721530251000,2024642,215.651,42754,589.98702955309600,4305.587,218.283,10.1
445,2013-02-01,195.174,,218.893,6.40,,82.458869859513000,2027260,215.613,,479.83415162851400,,218.277,10.0
446,2013-03-01,,,,3.79,,84.136221399942000,2029957,216.046,,485.34207452962900,,218.897,9.9
447,2013-04-01,195.424,121.40,218.904,0.80,,85.038524640080000,2033401,216.099,,557.71788283719700,,217.835,9.8
448,2013-05-01,,,,2.75,,87.064405126380000,2037109,216.623,,508.84343949168300,,218.252,9.8
449,2013-06-01,196.907,,221.607,-0.12,,87.781731454650000,2040384,217.525,,517.42037520594700,,219.250,9.7
450,2013-07-01,,127.53,,-0.46,,88.879984306077000,2042537,218.110,,472.63913782825700,,219.936,9.8
451,2013-08-01,195.551,,220.000,5.68,,89.943936816797000,2042376,218.245,,525.04717664484900,,220.337,9.7
452,2013-09-01,,,,3.54,,91.512383535558000,2039999,218.742,,564.82092357184200,,221.244,9.7
453,2013-10-01,196.120,127.47,219.685,2.59,,93.073546177887000,2037282,219.105,,608.42170204622300,,222.648,9.5
454,2013-11-01,,,,1.14,,94.233646635337000,2035637,220.040,,401.89582599298300,,223.490,9.4
455,2013-12-01,197.237,,218.217,1.22,,95.030504854556000,2035024,220.348,,501.06172017236400,,224.349,9.2
456,2014-01-01,,129.84,,1.58,227090.922,95.260818979137000,2024593,220.957,44995,484.45084714353300,4311.194,224.663,8.5
457,2014-02-01,198.810,,220.516,4.68,,95.343840474627000,2025551,221.306,,484.66803058071500,,224.818,8.4
458,2014-03-01,,,,1.95,,96.613520212723000,2025866,221.409,,374.26587116563100,,224.660,8.4
459,2014-04-01,199.207,133.74,223.326,-0.21,,96.915735749236000,2025102,222.361,,519.39600517359800,,224.907,8.2
460,2014-05-01,,,,4.30,,96.908319864273000,2023906,222.599,,591.57292603815300,,225.049,8.1
461,2014-06-01,200.703,,224.482,7.58,,96.425608540712000,2023238,223.000,,533.39164419257900,,225.570,7.9
462,2014-07-01,,137.14,,2.63,,96.221816764407000,2023241,223.236,,733.10560685204100,,226.199,7.8
463,2014-08-01,200.984,,222.284,1.72,,96.273887754913000,2024030,223.732,,586.78505680836600,,226.751,7.6
464,2014-09-01,,,,0.78,,96.287770989869000,2024973,222.845,,440.50372694600000,,227.029,7.4
465,2014-10-01,201.809,139.14,221.988,3.38,,96.805610749022000,2024870,223.440,,522.04958884644300,,227.636,7.2
466,2014-11-01,,,,3.69,,97.029701282704000,2023023,222.820,,472.93091736216500,,228.154,7.0
467,2014-12-01,200.300,,218.083,5.01,,97.531515597805000,2019908,222.573,,478.19770744252800,,228.227,6.7
468,2015-01-01,,138.91,,1.13,238906.845,98.245623147749000,2017929,222.416,47776,495.91692363852300,4309.673,228.594,6.5
469,2015-02-01,199.847,,216.488,2.71,,99.119774148849000,2016327,221.991,,441.90174849979700,,228.893,6.4
470,2015-03-01,,,,2.04,,100.326234732216000,2016746,221.310,,527.57196181698500,,228.266,6.3
471,2015-04-01,200.008,142.50,219.005,1.95,,101.008083790112000,2018743,220.988,,564.70242195472600,,229.013,6.2
472,2015-05-01,,,,2.43,,101.326315690142000,2021149,221.894,,384.35349429936200,,230.163,6.1
473,2015-06-01,199.562,,219.034,3.79,,101.561063328683000,2023039,222.757,,805.51031908912600,,230.825,5.9
474,2015-07-01,,145.19,,2.93,,101.435353399103000,2024433,223.582,,586.84601939455900,,231.269,5.7
475,2015-08-01,201.174,,220.249,2.64,,101.499334490736000,2025752,224.136,,478.86382204617800,,232.089,5.6
476,2015-09-01,,,,1.93,,101.769635591136000,2027762,225.076,,615.41928074169000,,233.900,5.4
477,2015-10-01,201.695,146.60,220.506,0.86,,102.030579578302000,2031957,225.346,,557.98554157964300,,233.979,5.3
478,2015-11-01,,,,1.35,,103.188762095439000,2038907,226.237,,704.89706552952200,,235.015,5.2
479,2015-12-01,202.069,,217.764,2.02,,104.181254624990000,2047542,226.603,,617.62069789862800,,235.554,5.2
480,2016-01-01,,147.48,,3.88,247223.237,104.922814834810000,2056352,226.901,49028,540.29264428055100,4316.260,236.784,5.2
481,2016-02-01,202.731,,218.360,-0.31,,105.240546598776000,2064352,227.745,,722.64681829056000,,237.795,5.2
482,2016-03-01,,,,0.08,,105.818190573571000,2071066,228.209,,630.67958424004400,,237.533,5.2
483,2016-04-01,204.272,150.22,221.412,5.55,,106.108864168324000,2076715,228.689,,623.89807356122000,,237.883,5.3
484,2016-05-01,,,,2.67,,106.291734737567000,2081849,229.074,,651.16416131673300,,238.480,5.3
485,2016-06-01,205.190,,224.070,0.49,,106.606551066591000,2086615,229.752,,622.31315776619400,,239.401,5.3
486,2016-07-01,,154.10,,3.25,,107.318373576622000,2091048,229.997,,638.46874582752700,,239.804,5.3
487,2016-08-01,205.981,,223.894,-0.89,,107.805725424113000,2095191,231.122,,600.95869171352300,,240.984,5.4
488,2016-09-01,,,,3.33,,108.470461880567000,2099171,231.705,,668.49144803681000,,241.216,5.4
489,2016-10-01,208.073,156.19,224.271,1.79,,109.128195016870000,2102613,231.929,,505.51564047009300,,241.424,5.4
490,2016-11-01,,,,2.71,,110.063417935274000,2105249,232.581,,632.18232056360200,,241.106,5.3
491,2016-12-01,207.387,,222.983,1.23,,110.636608492313000,2107222,233.531,,603.21765240910400,,242.366,5.2
492,2017-01-01,,157.95,,2.21,252798.262,111.040268473273000,2108612,234.442,50397,656.13969684619800,4321.593,243.102,5.1
493,2017-02-01,209.642,,224.957,1.49,,111.630140427171000,2109351,236.148,,760.77520200419400,,243.881,4.8
494,2017-03-01,,,,3.32,,113.118029169105000,2109562,237.724,,849.08594667821500,,244.430,4.6
495,2017-04-01,211.123,162.49,226.484,2.62,,113.929435963329000,2110236,239.164,,632.05686682355000,,246.463,4.4
496,2017-05-01,,,,2.88,,114.222276013628000,2112074,241.144,,933.96157485434200,,247.571,4.3
497,2017-06-01,214.142,,226.525,1.16,,114.845004736884000,2115180,241.982,,1083.20179327670000,,247.805,4.3
498,2017-07-01,,165.92,,-1.03,,115.165636149482000,2119342,243.453,,705.85387536411700,,248.480,4.4
499,2017-08-01,214.194,,226.759,1.54,,115.715322121561000,2123356,243.951,,855.17153357077500,,248.535,4.5
500,2017-09-01,,,,0.91,,116.098158181229000,2126028,245.438,,583.92252363113100,,249.958,4.6
501,2017-10-01,215.951,167.19,228.779,1.52,,117.083766679427000,2126939,246.137,,930.90021224539700,,249.677,4.6
502,2017-11-01,,,,0.99,,117.726988266025000,2126429,246.379,,728.12219222029600,,250.763,4.6
503,2017-12-01,215.691,,228.951,-0.01,,118.438190043301000,2125476,246.752,,1075.93190404905000,,251.310,4.6
504,2018-01-01,,168.75,,2.05,262545.970,119.370297148949000,2125525,246.641,52572,755.61262869704000,4322.084,252.432,4.5
505,2018-02-01,215.576,,229.715,2.37,,120.762485995686000,2127428,246.272,,508.52174808218900,,252.758,4.5
506,2018-03-01,,,,3.46,,121.614286104153000,2130516,248.157,,891.77782087702500,,253.935,4.4
507,2018-04-01,218.171,174.48,231.784,0.57,,122.068999920168000,2132918,247.866,,705.17292118408900,,253.694,4.4
508,2018-05-01,,,,1.57,,122.047954580614000,2133844,247.951,,528.25680179455300,,255.102,4.3
509,2018-06-01,218.445,,234.695,0.35,,122.059072100690000,2133865,249.178,,553.36001043738600,,255.940,4.2
510,2018-07-01,,177.47,,2.89,,122.170799825332000,2133738,249.165,,587.77360245698800,,256.277,4.1
511,2018-08-01,217.991,,233.221,2.38,,122.769026595474000,2135087,249.827,,637.88395360376800,,258.565,4.1
512,2018-09-01,,,,-0.14,,123.374944362346000,2138800,249.507,,613.57193059944800,,258.617,4.1
513,2018-10-01,219.919,177.32,233.134,2.23,,123.965384784209000,2144529,251.386,,566.30967395208900,,261.310,4.1
514,2018-11-01,,,,0.81,,124.383818808477000,2151165,252.093,,536.47054753346600,,262.053,4.2
515,2018-12-01,219.960,,231.696,-0.40,,124.650221100139000,2156824,252.465,,495.96465033283800,,262.566,4.3
516,2019-01-01,,179.12,,-2.16,269850.041,125.188599780130000,2159888,253.504,54172,720.46437134378900,4319.629,263.313,4.4
517,2019-02-01,221.708,,232.549,2.76,,125.355161189497000,2160049,255.081,,528.08088823347100,,264.386,4.5
518,2019-03-01,,,,-0.44,,125.409732652207000,2158682,255.042,,531.76705859677900,,264.314,4.5
519,2019-04-01,221.783,182.96,234.022,0.26,,126.076412027167000,2157449,254.503,,631.12102252495200,,264.565,4.5
520,2019-05-01,,,,0.12,,126.797743835454000,2157278,254.983,,632.11219024799100,,264.996,4.5
521,2019-06-01,222.668,,234.895,0.70,,127.267897798782000,2158321,255.424,,576.10285348710000,,264.140,4.4
522,2019-07-01,,185.47,,0.43,,127.374042142044000,2160593,256.174,,818.24896813694900,,265.073,4.3
523,2019-08-01,224.657,,236.400,2.84,,127.331610237390000,2162790,257.230,,564.56298330917400,,265.809,4.2
524,2019-09-01,,,,1.12,,127.702714893055000,2164536,256.494,,571.90257567151500,,265.874,4.1
525,2019-10-01,228.293,186.87,238.838,-0.43,,127.689807700981000,2165422,260.764,,634.95938621956900,,268.882,4.0
526,2019-11-01,,,,0.47,,128.148081794063000,2165221,260.898,,579.57513007839100,,269.146,4.0
527,2019-12-01,227.581,,237.514,3.52,,128.841352015882000,2164995,261.881,,593.83290840571600,,271.908,4.0
528,2020-01-01,,187.70,,,,129.461975577750000,2167061,262.241,,877.47665050226900,,272.245,4.0
529,2020-02-01,227.986,,238.634,,,129.903063444524000,2165403,262.439,,653.08633158052200,,271.724,3.9
530,2020-03-01,,,,,,130.554739363248000,2171238,265.494,,514.64497743109300,,273.284,4.6
531,2020-04-01,225.190,190.44,232.107,,,130.675491545804000,1929099,260.543,,185.41394011946500,,271.921,21.5
532,2020-05-01,,,,,,130.606848480674000,1940206,260.882,,333.37016610001100,,272.435,23.2
533,2020-06-01,226.698,,236.118,,,131.228469950582000,2045734,261.555,,552.83800364224000,,272.342,17.9
534,2020-07-01,,195.10,,,,132.475115927110000,2012606,263.125,,562.23184763810200,,273.917,9.3
535,2020-08-01,229.436,,240.598,,,133.812972950642000,2073626,264.490,,576.00079281784900,,274.291,9.6
536,2020-09-01,,,,,,,2020593,261.524,,650.85011286296400,,273.571,9.9
537,2020-10-01,229.928,,239.922,,,,2107882,261.776,,648.45049703778400,,273.807,6.2
538,2020-11-01,,,,,,,,262.953,,773.44706953400600,,276.608,
