Date,House_Price_Index,Mortgage_Rate,Personal_Income,Resident_Population,Unemployment_Rate,Owners_Equivalent_Rent,CPI,GDP,Crime_Rate,Percent_With_Mortgage_Debt,Median_Debt,Percent_With_Severely_Delinquent_Debt,House_Price_Index_2Y,House_Price_Index_1Y,Resident_Population_1Y,GDP_1Y,Mortgage_Rate_1Y,Owners_Equivalent_Rent_1Y,CPI_1Y
2005-03-01,184.2972783,5.93,52698,4473.477,4.7,275.1,214.2,287293.804,1317.6788,40.50%,226272,0.50%,155.0025318,167.8702719,4458.891,275951.518,5.45,271.3,208.7
2005-04-01,184.5894703,5.86,52698,4473.477,4.4,274.9,214.6,287293.804,1317.6788,40.50%,228755,0.40%,155.5384626,169.8674811,4458.891,275951.518,5.83,271.5,208.7
2005-05-01,185.7650314,5.72,52698,4473.477,4.3,274.3,214.6,287293.804,1317.6788,40.50%,228755,0.40%,155.6444308,170.6509046,4458.891,275951.518,6.27,272.6,208.7
2005-06-01,185.151853,5.58,52698,4473.477,4.8,274.4,217.2,287293.804,1317.6788,40.50%,228755,0.40%,156.5908254,172.0989198,4458.891,275951.518,6.29,273.8,208.9
2005-07-01,185.491079,5.7,52698,4473.477,4.6,274.1,217.2,287293.804,1317.6788,40.70%,230170,0.50%,157.1297506,172.9846936,4458.891,275951.518,6.06,272,208.9
2005-08-01,185.0046042,5.82,52698,4473.477,4.3,273.6,220.1,287293.804,1317.6788,40.70%,230170,0.50%,157.9850951,174.3340732,4458.891,275951.518,5.87,273,209.8
2005-09-01,185.6255245,5.77,52698,4473.477,4.7,275,220.1,287293.804,1317.6788,40.70%,230170,0.50%,158.7858198,175.4143404,4458.891,275951.518,5.75,274.1,209.8
2005-10-01,184.9933896,6.07,52698,4473.477,4.2,277.8,218.6,287293.804,1317.6788,40.30%,233969,0.60%,159.886508,177.1402098,4458.891,275951.518,5.72,274.4,211.7
2005-11-01,186.3027833,6.33,52698,4473.477,4.4,277.2,218.6,287293.804,1317.6788,40.30%,233969,0.60%,161.1458181,178.5481108,4458.891,275951.518,5.73,273.5,211.7
2005-12-01,186.0018448,6.27,52698,4473.477,4.2,276.9,220.5,287293.804,1317.6788,40.30%,233969,0.60%,163.1644488,180.0440387,4458.891,275951.518,5.75,273.1,211.3
2006-01-01,185.8803273,6.15,52698,4473.477,4.9,277.6,220.5,287293.804,1339.4548,40.80%,238240,0.70%,165.2298014,181.2861435,4458.891,275951.518,5.71,274.6,211.3
2006-02-01,183.478404,6.25,55238,4503.921,4.9,277.9,221.3,303411.599,1339.4548,40.80%,238240,0.70%,166.4375892,183.0024311,4473.477,287293.804,5.63,274.8,214.2
2006-03-01,185.5429735,6.32,55238,4503.921,4.6,278.7,221.3,303411.599,1339.4548,40.80%,238240,0.70%,167.8702719,184.2972783,4473.477,287293.804,5.93,275.1,214.2
2006-04-01,184.6775097,6.51,55238,4503.921,4.5,278.8,222.9,303411.599,1339.4548,41.50%,239469,0.70%,169.8674811,184.5894703,4473.477,287293.804,5.86,274.9,214.6
2006-05-01,184.1606024,6.6,55238,4503.921,4.5,279.3,222.9,303411.599,1339.4548,41.50%,239469,0.70%,170.6509046,185.7650314,4473.477,287293.804,5.72,274.3,214.6
2006-06-01,181.3428366,6.68,55238,4503.921,4.8,280.9,225.1,303411.599,1339.4548,41.50%,239469,0.70%,172.0989198,185.151853,4473.477,287293.804,5.58,274.4,217.2
2006-07-01,180.1525989,6.76,55238,4503.921,4.7,281.6,225.1,303411.599,1339.4548,41.60%,239994,0.70%,172.9846936,185.491079,4473.477,287293.804,5.7,274.1,217.2
2006-08-01,179.0996207,6.52,55238,4503.921,4.4,282.6,224.5,303411.599,1339.4548,41.60%,239994,0.70%,174.3340732,185.0046042,4473.477,287293.804,5.82,273.6,220.1
2006-09-01,178.2826536,6.4,55238,4503.921,4.6,282.5,224.5,303411.599,1339.4548,41.60%,239994,0.70%,175.4143404,185.6255245,4473.477,287293.804,5.77,275,220.1
2006-10-01,177.3477422,6.36,55238,4503.921,4,282.9,223.1,303411.599,1339.4548,41.60%,241848,0.90%,177.1402098,184.9933896,4473.477,287293.804,6.07,277.8,218.6
2006-11-01,176.0994782,6.24,55238,4503.921,4.2,284.2,223.1,303411.599,1339.4548,41.60%,241848,0.90%,178.5481108,186.3027833,4473.477,287293.804,6.33,277.2,218.6
2006-12-01,175.7663839,6.14,55238,4503.921,4.2,285.6,224.432,303411.599,1339.4548,41.60%,241848,0.90%,180.0440387,186.0018448,4473.477,287293.804,6.27,276.9,220.5
2007-01-01,175.0444339,6.22,55238,4503.921,5,285.423,224.432,303411.599,1155.1816,41.20%,242531,1.10%,181.2861435,185.8803273,4473.477,287293.804,6.15,277.6,220.5
2007-02-01,175.9250529,6.29,56800,4544.705,4.7,285.598,226.427,309327.698,1155.1816,41.20%,242531,1.10%,183.0024311,183.478404,4503.921,303411.599,6.25,277.9,221.3
2007-03-01,175.6035659,6.16,56800,4544.705,4.3,285.28,226.427,309327.698,1155.1816,41.20%,242531,1.10%,184.2972783,185.5429735,4503.921,303411.599,6.32,278.7,221.3
2007-04-01,176.2836886,6.18,56800,4544.705,4.1,285.278,226.247,309327.698,1155.1816,42.00%,242619,1.10%,184.5894703,184.6775097,4503.921,303411.599,6.51,278.8,222.9
2007-05-01,174.9109426,6.26,56800,4544.705,4.2,284.905,226.247,309327.698,1155.1816,42.00%,242619,1.10%,185.7650314,184.1606024,4503.921,303411.599,6.6,279.3,222.9
2007-06-01,173.8873827,6.66,56800,4544.705,4.6,286,226.929,309327.698,1155.1816,42.00%,242619,1.10%,185.151853,181.3428366,4503.921,303411.599,6.68,280.9,225.1
2007-07-01,172.7933016,6.7,56800,4544.705,4.4,285.494,226.929,309327.698,1155.1816,42.00%,246196,1.50%,185.491079,180.1525989,4503.921,303411.599,6.76,281.6,225.1
2007-08-01,172.0498701,6.57,56800,4544.705,4,286.684,227.85,309327.698,1155.1816,42.00%,246196,1.50%,185.0046042,179.0996207,4503.921,303411.599,6.52,282.6,224.5
2007-09-01,171.5932495,6.38,56800,4544.705,4.2,287.884,227.85,309327.698,1155.1816,42.00%,246196,1.50%,185.6255245,178.2826536,4503.921,303411.599,6.4,282.5,224.5
2007-10-01,170.0241139,6.38,56800,4544.705,3.7,287.261,230.689,309327.698,1155.1816,42.00%,245729,1.70%,184.9933896,177.3477422,4503.921,303411.599,6.36,282.9,223.1
2007-11-01,169.2389458,6.21,56800,4544.705,3.8,287.493,230.689,309327.698,1155.1816,42.00%,245729,1.70%,186.3027833,176.0994782,4503.921,303411.599,6.24,284.2,223.1
2007-12-01,167.4131024,6.1,56800,4544.705,4,287.533,231.98,309327.698,1155.1816,42.00%,245729,1.70%,186.0018448,175.7663839,4503.921,303411.599,6.14,285.6,224.432
2008-01-01,167.121259,5.76,56800,4544.705,4.7,284.896,231.98,309327.698,1104.4477,42.10%,243986,2.10%,185.8803273,175.0444339,4503.921,303411.599,6.22,285.423,224.432
2008-02-01,166.5029532,5.92,55530,4588.68,4.6,284.283,233.084,312306.078,1104.4477,42.10%,243986,2.10%,183.478404,175.9250529,4544.705,309327.698,6.29,285.598,226.427
2008-03-01,165.2400562,5.97,55530,4588.68,4.5,283.66,233.084,312306.078,1104.4477,42.10%,243986,2.10%,185.5429735,175.6035659,4544.705,309327.698,6.16,285.28,226.427
2008-04-01,162.474904,5.92,55530,4588.68,4.2,284.271,235.344,312306.078,1104.4477,42.40%,244010,2.30%,184.6775097,176.2836886,4544.705,309327.698,6.18,285.278,226.247
2008-05-01,161.2819679,6.04,55530,4588.68,4.7,282.756,235.344,312306.078,1104.4477,42.40%,244010,2.30%,184.1606024,174.9109426,4544.705,309327.698,6.26,284.905,226.247
2008-06-01,160.06564,6.32,55530,4588.68,5.3,282.211,241.258,312306.078,1104.4477,42.40%,244010,2.30%,181.3428366,173.8873827,4544.705,309327.698,6.66,286,226.929
2008-07-01,159.5601387,6.43,55530,4588.68,5.3,282.216,241.258,312306.078,1104.4477,42.40%,242848,2.40%,180.1525989,172.7933016,4544.705,309327.698,6.7,285.494,226.929
2008-08-01,158.5909821,6.48,55530,4588.68,5.2,281.392,238.519,312306.078,1104.4477,42.40%,242848,2.40%,179.0996207,172.0498701,4544.705,309327.698,6.57,286.684,227.85
2008-09-01,157.0725202,6.04,55530,4588.68,5.5,281.409,238.519,312306.078,1104.4477,42.40%,242848,2.40%,178.2826536,171.5932495,4544.705,309327.698,6.38,287.884,227.85
2008-10-01,156.5170046,6.2,55530,4588.68,5.2,282.133,232.354,312306.078,1104.4477,42.10%,246608,2.80%,177.3477422,170.0241139,4544.705,309327.698,6.38,287.261,230.689
2008-11-01,154.466897,6.09,55530,4588.68,5.6,283.863,232.354,312306.078,1104.4477,42.10%,246608,2.80%,176.0994782,169.2389458,4544.705,309327.698,6.21,287.493,230.689
2008-12-01,153.6020763,5.29,55530,4588.68,5.9,284.312,230.806,312306.078,1104.4477,42.10%,246608,2.80%,175.7663839,167.4131024,4544.705,309327.698,6.1,287.533,231.98
2009-01-01,152.4176649,5.05,55530,4588.68,7.1,286.712,230.806,312306.078,991.9548,41.80%,246863,3.30%,175.0444339,167.121259,4544.705,309327.698,5.76,284.896,231.98
2009-02-01,152.2127473,5.13,58061,4566.348,7.1,287.734,232.155,328388.228,991.9548,41.80%,246863,3.30%,175.9250529,166.5029532,4588.68,312306.078,5.92,284.283,233.084
2009-03-01,148.4896253,5,58061,4566.348,7,288.299,232.155,328388.228,991.9548,41.80%,246863,3.30%,175.6035659,165.2400562,4588.68,312306.078,5.97,283.66,233.084
2009-04-01,148.5844383,4.81,58061,4566.348,6.8,288.497,231.891,328388.228,991.9548,41.60%,246759,3.70%,176.2836886,162.474904,4588.68,312306.078,5.92,284.271,235.344
2009-05-01,149.4898684,4.86,58061,4566.348,7.3,288.913,231.891,328388.228,991.9548,41.60%,246759,3.70%,174.9109426,161.2819679,4588.68,312306.078,6.04,282.756,235.344
2009-06-01,152.1988702,5.42,58061,4566.348,7.9,289.446,233.018,328388.228,991.9548,41.60%,246759,3.70%,173.8873827,160.06564,4588.68,312306.078,6.32,282.211,241.258
2009-07-01,152.8898742,5.22,58061,4566.348,8,290.528,233.018,328388.228,991.9548,41.20%,244975,4.20%,172.7933016,159.5601387,4588.68,312306.078,6.43,282.216,241.258
2009-08-01,155.041651,5.19,58061,4566.348,7.8,291.622,236.596,328388.228,991.9548,41.20%,244975,4.20%,172.0498701,158.5909821,4588.68,312306.078,6.48,281.392,238.519
2009-09-01,155.0623813,5.06,58061,4566.348,8.2,292.285,236.596,328388.228,991.9548,41.20%,244975,4.20%,171.5932495,157.0725202,4588.68,312306.078,6.04,281.409,238.519
2009-10-01,155.3272976,4.95,58061,4566.348,7.7,293.004,236.589,328388.228,991.9548,41.00%,244291,4.50%,170.0241139,156.5170046,4588.68,312306.078,6.2,282.133,232.354
2009-11-01,155.414182,4.88,58061,4566.348,7.6,293.132,236.589,328388.228,991.9548,41.00%,244291,4.50%,169.2389458,154.466897,4588.68,312306.078,6.09,283.863,232.354
2009-12-01,156.4673325,4.93,58061,4566.348,7.7,292.847,237.266,328388.228,991.9548,41.00%,244291,4.50%,167.4131024,153.6020763,4588.68,312306.078,5.29,284.312,230.806
2010-01-01,156.7450836,5.03,58061,4566.348,8.6,293.449,237.266,328388.228,903.4816,41.30%,243447,4.50%,167.121259,152.4176649,4588.68,312306.078,5.05,286.712,230.806
2010-02-01,156.8398584,4.99,60443,4609.79,8.3,293.052,237.986,340778.444,903.4816,41.30%,243447,4.50%,166.5029532,152.2127473,4566.348,328388.228,5.13,287.734,232.155
2010-03-01,158.1713957,4.97,60443,4609.79,8,292.262,237.986,340778.444,903.4816,41.30%,243447,4.50%,165.2400562,148.4896253,4566.348,328388.228,5,288.299,232.155
2010-04-01,159.7009888,5.1,60443,4609.79,7.6,290.869,238.083,340778.444,903.4816,41.30%,245065,4.20%,162.474904,148.5844383,4566.348,328388.228,4.81,288.497,231.891
2010-05-01,159.2906784,4.89,60443,4609.79,7.5,290.851,238.083,340778.444,903.4816,41.30%,245065,4.20%,161.2819679,149.4898684,4566.348,328388.228,4.86,288.913,231.891
2010-06-01,158.1196741,4.74,60443,4609.79,7.8,290.905,236.132,340778.444,903.4816,41.30%,245065,4.20%,160.06564,152.1988702,4566.348,328388.228,5.42,289.446,233.018
2010-07-01,157.0743459,4.56,60443,4609.79,7.7,288.752,236.132,340778.444,903.4816,40.70%,243828,4.20%,159.5601387,152.8898742,4566.348,328388.228,5.22,290.528,233.018
2010-08-01,155.5452221,4.43,60443,4609.79,7.3,289.395,236.474,340778.444,903.4816,40.70%,243828,4.20%,158.5909821,155.041651,4566.348,328388.228,5.19,291.622,236.596
2010-09-01,153.8624957,4.35,60443,4609.79,7.4,288.757,236.474,340778.444,903.4816,40.70%,243828,4.20%,157.0725202,155.0623813,4566.348,328388.228,5.06,292.285,236.596
2010-10-01,153.8175456,4.23,60443,4609.79,6.9,288.382,238.103,340778.444,903.4816,39.80%,243509,4.00%,156.5170046,155.3272976,4566.348,328388.228,4.95,293.004,236.589
2010-11-01,154.6942034,4.3,60443,4609.79,7,288.148,238.103,340778.444,903.4816,39.80%,243509,4.00%,154.466897,155.414182,4566.348,328388.228,4.88,293.132,236.589
2010-12-01,154.923611,4.71,60443,4609.79,6.8,288.972,239.814,340778.444,903.4816,39.80%,243509,4.00%,153.6020763,156.4673325,4566.348,328388.228,4.93,292.847,237.266
2011-01-01,154.2686028,4.76,60443,4609.79,7.5,289.184,239.814,340778.444,845.2441,40.40%,244314,4.00%,152.4176649,156.7450836,4566.348,328388.228,5.03,293.449,237.266
2011-02-01,150.7756853,4.95,62501,4656.593,7.2,288.4,242.787,357087.616,845.2441,40.40%,244314,4.00%,152.2127473,156.8398584,4609.79,340778.444,4.99,293.052,237.986
2011-03-01,146.9914065,4.84,62501,4656.593,6.8,289.23,242.787,357087.616,845.2441,40.40%,244314,4.00%,148.4896253,158.1713957,4609.79,340778.444,4.97,292.262,237.986
2011-04-01,148.3762641,4.84,62501,4656.593,6.4,288.689,244.574,357087.616,845.2441,40.60%,243105,3.90%,148.5844383,159.7009888,4609.79,340778.444,5.1,290.869,238.083
2011-05-01,149.3214441,4.64,62501,4656.593,6.4,289.028,244.574,357087.616,845.2441,40.60%,243105,3.90%,149.4898684,159.2906784,4609.79,340778.444,4.89,290.851,238.083
2011-06-01,149.804748,4.51,62501,4656.593,7,289.93,244.256,357087.616,845.2441,40.60%,243105,3.90%,152.1988702,158.1196741,4609.79,340778.444,4.74,290.905,236.132
2011-07-01,149.8090848,4.55,62501,4656.593,6.8,291.009,244.256,357087.616,845.2441,40.50%,242762,3.80%,152.8898742,157.0743459,4609.79,340778.444,4.56,288.752,236.132
2011-08-01,149.4414643,4.27,62501,4656.593,6.4,291.641,245.31,357087.616,845.2441,40.50%,242762,3.80%,155.041651,155.5452221,4609.79,340778.444,4.43,289.395,236.474
2011-09-01,150.4398201,4.11,62501,4656.593,6.6,292.827,245.31,357087.616,845.2441,40.50%,242762,3.80%,155.0623813,153.8624957,4609.79,340778.444,4.35,288.757,236.474
2011-10-01,150.5641196,4.07,62501,4656.593,6,293.434,245.03,357087.616,845.2441,39.80%,240010,3.70%,155.3272976,153.8175456,4609.79,340778.444,4.23,288.382,238.103
2011-11-01,150.1941141,3.99,62501,4656.593,5.8,293.446,245.03,357087.616,845.2441,39.80%,240010,3.70%,155.414182,154.6942034,4609.79,340778.444,4.3,288.148,238.103
2011-12-01,148.4012762,3.96,62501,4656.593,5.9,293.38,245.891,357087.616,845.2441,39.80%,240010,3.70%,156.4673325,154.923611,4609.79,340778.444,4.71,288.972,239.814
2012-01-01,148.4850999,3.92,62501,4656.593,6.6,294.13,245.891,357087.616,835.0141,40.10%,239132,3.60%,156.7450836,154.2686028,4609.79,340778.444,4.76,289.184,239.814
2012-02-01,148.0898249,3.89,62413,4702.877,6.4,294.535,247.166,365670.891,835.0141,40.10%,239132,3.60%,156.8398584,150.7756853,4656.593,357087.616,4.95,288.4,242.787
2012-03-01,147.185059,3.95,62413,4702.877,6.1,294.615,247.166,365670.891,835.0141,40.10%,239132,3.60%,158.1713957,146.9914065,4656.593,357087.616,4.84,289.23,242.787
2012-04-01,147.7446719,3.91,62413,4702.877,5.7,294.793,246.582,365670.891,835.0141,40.00%,239146,3.50%,159.7009888,148.3762641,4656.593,357087.616,4.84,288.689,244.574
2012-05-01,150.6513265,3.8,62413,4702.877,5.8,295.395,246.582,365670.891,835.0141,40.00%,239146,3.50%,159.2906784,149.3214441,4656.593,357087.616,4.64,289.028,244.574
2012-06-01,152.4930239,3.68,62413,4702.877,6.3,296.479,246.326,365670.891,835.0141,40.00%,239146,3.50%,158.1196741,149.804748,4656.593,357087.616,4.51,289.93,244.256
2012-07-01,154.6426821,3.55,62413,4702.877,6.4,296.974,246.326,365670.891,835.0141,39.40%,238088,3.50%,157.0743459,149.8090848,4656.593,357087.616,4.55,291.009,244.256
2012-08-01,153.9890913,3.6,62413,4702.877,6.1,297.8,249.488,365670.891,835.0141,39.40%,238088,3.50%,155.5452221,149.4414643,4656.593,357087.616,4.27,291.641,245.31
2012-09-01,153.9282285,3.5,62413,4702.877,6.1,298.073,249.488,365670.891,835.0141,39.40%,238088,3.50%,153.8624957,150.4398201,4656.593,357087.616,4.11,292.827,245.31
2012-10-01,153.5608267,3.38,62413,4702.877,5.8,298.837,249.929,365670.891,835.0141,39.10%,237691,3.50%,153.8175456,150.5641196,4656.593,357087.616,4.07,293.434,245.03
2012-11-01,154.6482403,3.35,62413,4702.877,5.7,299.183,249.929,365670.891,835.0141,39.10%,237691,3.50%,154.6942034,150.1941141,4656.593,357087.616,3.99,293.446,245.03
2012-12-01,155.5937403,3.35,62413,4702.877,5.9,299.263,249.957,365670.891,835.0141,39.10%,237691,3.50%,154.923611,148.4012762,4656.593,357087.616,3.96,293.38,245.891
2013-01-01,157.1430046,3.41,62413,4702.877,6.8,299.346,249.957,365670.891,782.387,38.80%,236173,3.40%,154.2686028,148.4850999,4656.593,357087.616,3.92,294.13,245.891
2013-02-01,158.8941946,3.53,65319,4746.931,6.4,298.802,250.835,381353.875,782.387,38.80%,236173,3.40%,150.7756853,148.0898249,4702.877,365670.891,3.89,294.535,247.166
2013-03-01,160.5526698,3.57,65319,4746.931,6.2,299.233,250.835,381353.875,782.387,38.80%,236173,3.40%,146.9914065,147.185059,4702.877,365670.891,3.95,294.615,247.166
2013-04-01,160.4083463,3.45,65319,4746.931,5.9,299.473,250.036,381353.875,782.387,38.50%,237295,3.20%,148.3762641,147.7446719,4702.877,365670.891,3.91,294.793,246.582
2013-05-01,160.718379,3.54,65319,4746.931,6.1,300.152,250.036,381353.875,782.387,38.50%,237295,3.20%,149.3214441,150.6513265,4702.877,365670.891,3.8,295.395,246.582
2013-06-01,161.6727985,4.07,65319,4746.931,6.6,300.343,251.067,381353.875,782.387,38.50%,237295,3.20%,149.804748,152.4930239,4702.877,365670.891,3.68,296.479,246.326
2013-07-01,163.933458,4.37,65319,4746.931,6.5,301.253,251.067,381353.875,782.387,38.00%,239052,3.00%,149.8090848,154.6426821,4702.877,365670.891,3.55,296.974,246.326
2013-08-01,165.8531919,4.46,65319,4746.931,6.1,302.539,251.918,381353.875,782.387,38.00%,239052,3.00%,149.4414643,153.9890913,4702.877,365670.891,3.6,297.8,249.488
2013-09-01,167.8546651,4.49,65319,4746.931,6.1,303.524,251.918,381353.875,782.387,38.00%,239052,3.00%,150.4398201,153.9282285,4702.877,365670.891,3.5,298.073,249.488
2013-10-01,168.5780677,4.19,65319,4746.931,5.8,304.08,252.23,381353.875,782.387,38.30%,240325,2.70%,150.5641196,153.5608267,4702.877,365670.891,3.38,298.837,249.929
2013-11-01,168.8697043,4.26,65319,4746.931,5.4,304.979,252.23,381353.875,782.387,38.30%,240325,2.70%,150.1941141,154.6482403,4702.877,365670.891,3.35,299.183,249.929
2013-12-01,170.4234734,4.46,65319,4746.931,5.3,305.595,253.123,381353.875,782.387,38.30%,240325,2.70%,148.4012762,155.5937403,4702.877,365670.891,3.35,299.263,249.957
2014-01-01,170.495829,4.43,65319,4746.931,6,306.878,253.123,381353.875,725.6885,38.50%,238845,2.70%,148.4850999,157.1430046,4702.877,365670.891,3.41,299.346,249.957
2014-02-01,171.482663,4.3,69396,4778.34,5.8,307.864,254.982,406535.712,725.6885,38.50%,238845,2.70%,148.0898249,158.8941946,4746.931,381353.875,3.53,298.802,250.835
2014-03-01,171.8602157,4.34,69396,4778.34,5.6,308.485,254.982,406535.712,725.6885,38.50%,238845,2.70%,147.185059,160.5526698,4746.931,381353.875,3.57,299.233,250.835
2014-04-01,173.9229938,4.34,69396,4778.34,5,309.017,255.209,406535.712,725.6885,38.20%,237938,2.60%,147.7446719,160.4083463,4746.931,381353.875,3.45,299.473,250.036
2014-05-01,173.7140244,4.19,69396,4778.34,5.2,309.56,255.209,406535.712,725.6885,38.20%,237938,2.60%,150.6513265,160.718379,4746.931,381353.875,3.54,300.152,250.036
2014-06-01,172.7705028,4.16,69396,4778.34,5.5,310.588,255.296,406535.712,725.6885,38.20%,237938,2.60%,152.4930239,161.6727985,4746.931,381353.875,4.07,300.343,251.067
2014-07-01,172.7739616,4.13,69396,4778.34,5.6,311.023,255.296,406535.712,725.6885,38.20%,237207,2.50%,154.6426821,163.933458,4746.931,381353.875,4.37,301.253,251.067
2014-08-01,173.0638922,4.12,69396,4778.34,5.3,311.63,255.878,406535.712,725.6885,38.20%,237207,2.50%,153.9890913,165.8531919,4746.931,381353.875,4.46,302.539,251.918
2014-09-01,173.9683332,4.16,69396,4778.34,5.1,312.866,255.878,406535.712,725.6885,38.20%,237207,2.50%,153.9282285,167.8546651,4746.931,381353.875,4.49,303.524,251.918
2014-10-01,174.6305458,4.04,69396,4778.34,4.6,313.349,256.262,406535.712,725.6885,37.90%,238413,2.50%,153.5608267,168.5780677,4746.931,381353.875,4.19,304.08,252.23
2014-11-01,175.2557805,4,69396,4778.34,4.5,314.572,256.262,406535.712,725.6885,37.90%,238413,2.50%,154.6482403,168.8697043,4746.931,381353.875,4.26,304.979,252.23
2014-12-01,176.1160261,3.86,69396,4778.34,4.3,316.549,254.556,406535.712,725.6885,37.90%,238413,2.50%,155.5937403,170.4234734,4746.931,381353.875,4.46,305.595,253.123
2015-01-01,178.125179,3.67,69396,4778.34,5.1,317.139,254.556,406535.712,706.7935,37.80%,238820,2.40%,157.1430046,170.495829,4746.931,381353.875,4.43,306.878,253.123
2015-02-01,179.574029,3.71,71510,4809.061,4.8,318.735,257.013,421233.829,706.7935,37.80%,238820,2.40%,158.8941946,171.482663,4778.34,406535.712,4.3,307.864,254.982
2015-03-01,180.7870728,3.77,71510,4809.061,4.5,319.459,257.013,421233.829,706.7935,37.80%,238820,2.40%,160.5526698,171.8602157,4778.34,406535.712,4.34,308.485,254.982
2015-04-01,179.1234368,3.67,71510,4809.061,4.1,320.818,256.839,421233.829,706.7935,37.40%,237394,2.10%,160.4083463,173.9229938,4778.34,406535.712,4.34,309.017,255.209
2015-05-01,178.5993755,3.84,71510,4809.061,4.5,321.843,256.839,421233.829,706.7935,37.40%,237394,2.10%,160.718379,173.7140244,4778.34,406535.712,4.19,309.56,255.209
2015-06-01,179.4560582,3.98,71510,4809.061,4.7,322.887,256.999,421233.829,706.7935,37.40%,237394,2.10%,161.6727985,172.7705028,4778.34,406535.712,4.16,310.588,255.296
2015-07-01,180.3867904,4.05,71510,4809.061,4.6,323.968,256.999,421233.829,706.7935,37.50%,238202,2.10%,163.933458,172.7739616,4778.34,406535.712,4.13,311.023,255.296
2015-08-01,181.4783702,3.91,71510,4809.061,4.2,324.108,256.643,421233.829,706.7935,37.50%,238202,2.10%,165.8531919,173.0638922,4778.34,406535.712,4.12,311.63,255.878
2015-09-01,183.1122572,3.89,71510,4809.061,4.2,326.383,256.643,421233.829,706.7935,37.50%,238202,2.10%,167.8546651,173.9683332,4778.34,406535.712,4.16,312.866,255.878
2015-10-01,184.3570915,3.8,71510,4809.061,3.8,327.227,258.407,421233.829,706.7935,37.20%,239965,2.00%,168.5780677,174.6305458,4778.34,406535.712,4.04,313.349,256.262
2015-11-01,185.8272893,3.94,71510,4809.061,3.7,327.738,258.407,421233.829,706.7935,37.20%,239965,2.00%,168.8697043,175.2557805,4778.34,406535.712,4,314.572,256.262
2015-12-01,186.0436173,3.96,71510,4809.061,3.6,328.411,257.215,421233.829,706.7935,37.20%,239965,2.00%,170.4234734,176.1160261,4778.34,406535.712,3.86,316.549,254.556
2016-01-01,185.8468884,3.87,71510,4809.061,4.2,328.63,257.215,421233.829,707.396,37.50%,240684,1.90%,170.495829,178.125179,4778.34,406535.712,3.67,317.139,254.556
2016-02-01,185.8397427,3.66,74779,4841.772,4,329.019,258.587,439144.366,707.396,37.50%,240684,1.90%,171.482663,179.574029,4809.061,421233.829,3.71,318.735,257.013
2016-03-01,187.2890983,3.69,74779,4841.772,3.8,329.827,258.587,439144.366,707.396,37.50%,240684,1.90%,171.8602157,180.7870728,4809.061,421233.829,3.77,319.459,257.013
2016-04-01,189.6233873,3.61,74779,4841.772,3.4,330.66,260.809,439144.366,707.396,37.00%,239286,1.50%,173.9229938,179.1234368,4809.061,421233.829,3.67,320.818,256.839
2016-05-01,191.026414,3.6,74779,4841.772,3.4,332.339,260.809,439144.366,707.396,37.00%,239286,1.50%,173.7140244,178.5993755,4809.061,421233.829,3.84,321.843,256.839
2016-06-01,191.8450961,3.57,74779,4841.772,3.7,333.578,260.8,439144.366,707.396,37.00%,239286,1.50%,172.7705028,179.4560582,4809.061,421233.829,3.98,322.887,256.999
2016-07-01,191.482618,3.44,74779,4841.772,3.7,334.8,260.8,439144.366,707.396,36.70%,239019,1.50%,172.7739616,180.3867904,4809.061,421233.829,4.05,323.968,256.999
2016-08-01,192.5428357,3.44,74779,4841.772,3.4,335.43,262.606,439144.366,707.396,36.70%,239019,1.50%,173.0638922,181.4783702,4809.061,421233.829,3.91,324.108,256.643
2016-09-01,192.6885025,3.46,74779,4841.772,3.4,336.864,262.606,439144.366,707.396,36.70%,239019,1.50%,173.9683332,183.1122572,4809.061,421233.829,3.89,326.383,256.643
2016-10-01,194.1441889,3.47,74779,4841.772,3.1,337.301,261.675,439144.366,707.396,36.50%,239731,1.40%,174.6305458,184.3570915,4809.061,421233.829,3.8,327.227,258.407
2016-11-01,195.8412296,3.77,74779,4841.772,3,337.737,261.675,439144.366,707.396,36.50%,239731,1.40%,175.2557805,185.8272893,4809.061,421233.829,3.94,327.738,258.407
2016-12-01,198.3831073,4.2,74779,4841.772,3,337.678,264.865,439144.366,707.396,36.50%,239731,1.40%,176.1160261,186.0436173,4809.061,421233.829,3.96,328.411,257.215
2017-01-01,200.5827733,4.15,74779,4841.772,3.8,338.105,264.865,439144.366,669.2019,36.90%,240782,1.40%,178.125179,185.8468884,4809.061,421233.829,3.87,328.63,257.215
2017-02-01,202.0339017,4.17,78694,4859.536,3.8,339.002,265.07,463570.556,669.2019,36.90%,240782,1.40%,179.574029,185.8397427,4841.772,439144.366,3.66,329.019,258.587
2017-03-01,205.6886166,4.2,78694,4859.536,3.5,338.114,265.07,463570.556,669.2019,36.90%,240782,1.40%,180.7870728,187.2890983,4841.772,439144.366,3.69,329.827,258.587
2017-04-01,204.345593,4.05,78694,4859.536,3.2,338.698,266.256,463570.556,669.2019,36.90%,241223,1.30%,179.1234368,189.6233873,4841.772,439144.366,3.61,330.66,260.809
2017-05-01,204.8584122,4.01,78694,4859.536,3.4,339.191,266.256,463570.556,669.2019,36.90%,241223,1.30%,178.5993755,191.026414,4841.772,439144.366,3.6,332.339,260.809
2017-06-01,205.3712317,3.9,78694,4859.536,3.7,341.209,266.429,463570.556,669.2019,36.90%,241223,1.30%,179.4560582,191.8450961,4841.772,439144.366,3.57,333.578,260.8
2017-07-01,206.5706094,3.97,78694,4859.536,3.7,342.436,266.429,463570.556,669.2019,36.40%,241994,1.20%,180.3867904,191.482618,4841.772,439144.366,3.44,334.8,260.8
2017-08-01,206.2477065,3.88,78694,4859.536,3.5,343.07,269.757,463570.556,669.2019,36.40%,241994,1.20%,181.4783702,192.5428357,4841.772,439144.366,3.44,335.43,262.606
2017-09-01,208.0758318,3.81,78694,4859.536,3.3,343.957,269.757,463570.556,669.2019,36.40%,241994,1.20%,183.1122572,192.6885025,4841.772,439144.366,3.46,336.864,262.606
2017-10-01,209.5604595,3.9,78694,4859.536,3,345.243,269.149,463570.556,669.2019,36.00%,243447,1.10%,184.3570915,194.1441889,4841.772,439144.366,3.47,337.301,261.675
2017-11-01,210.6924146,3.92,78694,4859.536,2.9,347.148,269.149,463570.556,669.2019,36.00%,243447,1.10%,185.8272893,195.8412296,4841.772,439144.366,3.77,337.737,261.675
2017-12-01,211.7676604,3.95,78694,4859.536,2.9,349.48,272.229,463570.556,669.2019,36.00%,243447,1.10%,186.0436173,198.3831073,4841.772,439144.366,4.2,337.678,264.865
2018-01-01,212.7373306,4.03,78694,4859.536,3.6,350.824,272.229,463570.556,622.4511,36.60%,242691,1.10%,185.8468884,200.5827733,4841.772,439144.366,4.15,338.105,264.865
