,Date,Consumer Price Index for All Urban Consumers: housing(CBSA),All-Transactions House Price(MSAD),Consumer Price Index for All Urban Consumers: Rent(CBSA),Consumer Price Index for All Urban Consumers: All Items(CBSA),Economic Conditions Index(MSA),Total Gross Domestic Product(MSA),S&P/Case-Shiller IL-Chicago Home Price Index,Civilian Labor Force(MSA),Mortgage debt-percent with debt,Median debt(inflation adjusted),Percent with Severely Delinquent Debt,Consumer Price Index for All Urban Consumers: Owners Equivalent Rent(CBSA),Per Capita Personal Income(MSA),New Private Housing Structures Authorized by Building Permits(MSA),"Resident Population, Thousands of Persons（MSA）","Chicago unemployment rate,percent(MSA)"
0,1976-01-01,47.500,31.25,64.400,53.700,,,,,,,,,8009,,,
1,1976-02-01,47.600,,,54.100,,,,,,,,,,,,
2,1976-03-01,47.800,,64.800,54.200,,,,,,,,,,,,
3,1976-04-01,47.900,32.17,,54.500,,,,,,,,,,,,
4,1976-05-01,48.100,,65.300,54.800,,,,,,,,,,,,
5,1976-06-01,48.300,,,55.200,,,,,,,,,,,,
6,1976-07-01,48.600,34.15,65.700,55.500,,,,,,,,,,,,
7,1976-08-01,48.800,,,55.800,,,,,,,,,,,,
8,1976-09-01,49.100,,65.900,56.100,,,,,,,,,,,,
9,1976-10-01,49.300,34.29,,56.300,,,,,,,,,,,,
10,1976-11-01,49.300,,66.000,56.400,,,,,,,,,,,,
11,1976-12-01,49.900,,,56.600,,,,,,,,,,,,
12,1977-01-01,50.000,36.57,66.500,56.700,,,,,,,,,8825,,,
13,1977-02-01,50.400,,,57.300,,,,,,,,,,,,
14,1977-03-01,50.500,,66.800,57.700,,,,,,,,,,,,
15,1977-04-01,50.900,39.03,,58.200,,,,,,,,,,,,
16,1977-05-01,51.000,,67.100,58.400,,,,,,,,,,,,
17,1977-06-01,51.000,,,58.600,,,,,,,,,,,,
18,1977-07-01,51.600,38.78,67.800,59.000,,,,,,,,,,,,
19,1977-08-01,51.900,,,59.300,,,,,,,,,,,,
20,1977-09-01,52.400,,68.700,59.700,,,,,,,,,,,,
21,1977-10-01,52.600,40.87,,59.800,,,,,,,,,,,,
22,1977-11-01,52.900,,69.400,60.000,,,,,,,,,,,,
23,1977-12-01,53.000,,,60.200,,,,,,,,,,,,
24,1978-01-01,54.200,41.21,69.600,61.100,,,,,,,,,9757,,,
25,1978-02-01,55.000,,69.800,61.700,,,,,,,,,,,,
26,1978-03-01,56.100,,69.700,62.400,,,,,,,,,,,,
27,1978-04-01,56.200,45.37,69.800,62.700,,,,,,,,,,,,
28,1978-05-01,56.600,,70.800,63.300,,,,,,,,,,,,
29,1978-06-01,57.000,,71.800,63.700,,,,,,,,,,,,
30,1978-07-01,57.500,45.32,72.000,64.100,,,,,,,,,,,,
31,1978-08-01,57.000,,72.100,64.100,,,,,,,,,,,,
32,1978-09-01,58.200,,72.400,64.900,,,,,,,,,,,,
33,1978-10-01,58.900,47.35,73.200,65.400,,,,,,,,,,,,
34,1978-11-01,60.100,,73.700,66.300,,,,,,,,,,,,
35,1978-12-01,60.300,,74.300,66.500,,,,,,,,,,,,
36,1979-01-01,60.300,45.35,74.400,66.800,,,,,,,,,10714,,,
37,1979-02-01,61.500,,74.200,67.800,,,,,,,,,,,,
38,1979-03-01,63.300,,74.700,69.200,,,,,,,,,,,,
39,1979-04-01,64.100,46.65,74.600,69.900,,,,,,,,,,,,
40,1979-05-01,63.800,,75.000,70.300,,,,,,,,,,,,
41,1979-06-01,65.600,,76.100,71.500,,,,,,,,,,,,
42,1979-07-01,67.200,46.40,76.700,72.800,,,,,,,,,,,,
43,1979-08-01,68.000,,77.000,73.200,,,,,,,,,,,,
44,1979-09-01,68.900,,78.000,74.100,,,,,,,,,,,,
45,1979-10-01,68.600,46.94,78.500,74.200,,,,,,,,,,,,
46,1979-11-01,70.600,,78.600,75.600,,,,,,,,,,,,
47,1979-12-01,71.100,,78.500,76.400,,,,,,,,,,,,
48,1980-01-01,71.500,46.78,79.000,77.100,,,,,,,,,11694,,,
49,1980-02-01,72.000,,79.100,77.900,,,,,,,,,,,,
50,1980-03-01,72.300,,79.400,78.800,,,,,,,,,,,,
51,1980-04-01,74.600,47.24,80.200,80.400,,,,,,,,,,,,
52,1980-05-01,76.200,,81.800,81.400,,,,,,,,,,,,
53,1980-06-01,79.600,,81.900,83.100,,,,,,,,,,,,
54,1980-07-01,78.100,45.25,82.500,82.600,,,,,,,,,,,,
55,1980-08-01,76.200,,82.800,82.100,,,,,,,,,,,,
56,1980-09-01,78.700,,83.500,83.700,,,,,,,,,,,,
57,1980-10-01,80.700,46.50,83.200,84.900,,,,,,,,,,,,
58,1980-11-01,84.300,,84.500,87.000,,,,,,,,,,,,
59,1980-12-01,84.100,,84.500,87.100,,,,,,,,,,,,
60,1981-01-01,81.800,47.90,85.200,86.700,,,,,,,,,12892,,,
61,1981-02-01,81.400,,85.300,86.900,,,,,,,,,,,,
62,1981-03-01,81.000,,85.600,86.900,,,,,,,,,,,,
63,1981-04-01,83.300,50.62,86.300,88.300,,,,,,,,,,,,
64,1981-05-01,83.600,,87.600,88.500,,,,,,,,,,,,
65,1981-06-01,86.300,,87.400,90.100,,,,,,,,,,,,
66,1981-07-01,88.000,50.43,88.300,91.300,,,,,,,,,,,,
67,1981-08-01,89.300,,89.200,92.300,,,,,,,,,,,,
68,1981-09-01,89.400,,89.700,92.700,,,,,,,,,,,,
69,1981-10-01,88.500,50.24,90.100,92.400,,,,,,,,,,,,
70,1981-11-01,88.800,,90.400,92.700,,,,,,,,,,,,
71,1981-12-01,86.300,,90.400,91.700,,,,,,,,,,,,
72,1982-01-01,87.500,47.72,93.600,92.200,,,,,,,,,13613,,,
73,1982-02-01,87.200,,92.900,92.000,,,,,,,,,,,,
74,1982-03-01,88.800,,93.100,92.500,,,,,,,,,,,,
75,1982-04-01,91.000,48.21,92.700,93.800,,,,,,,,,,,,
76,1982-05-01,95.600,,93.700,96.300,,,,,,,,,,,,
77,1982-06-01,97.100,,93.200,97.700,,,,,,,,,,,,
78,1982-07-01,98.000,48.78,94.000,98.100,,,,,,,,,,,,
79,1982-08-01,97.900,,95.500,98.100,,,,,,,,,,,,
80,1982-09-01,98.500,,96.400,98.400,,,,,,,,,,,,
81,1982-10-01,98.500,48.22,97.200,98.500,,,,,,,,,,,,
82,1982-11-01,98.500,,96.900,98.500,,,,,,,,,,,,
83,1982-12-01,97.800,,97.600,98.100,,,,,,,,100.000,,,,
84,1983-01-01,98.200,48.39,97.300,98.400,,,,,,,,99.800,14299,,,
85,1983-02-01,98.600,,97.800,98.300,,,,,,,,100.200,,,,
86,1983-03-01,98.800,,98.500,98.300,,,,,,,,100.200,,,,
87,1983-04-01,99.100,50.33,98.600,98.800,,,,,,,,100.200,,,,
88,1983-05-01,99.400,,99.100,99.200,,,,,,,,100.600,,,,
89,1983-06-01,101.500,,99.200,99.900,,,,,,,,101.600,,,,
90,1983-07-01,102.100,51.26,100.300,100.300,,,,,,,,102.100,,,,
91,1983-08-01,102.400,,100.400,101.000,,,,,,,,102.600,,,,
92,1983-09-01,102.200,,101.300,101.400,,,,,,,,103.400,,,,
93,1983-10-01,100.800,51.83,101.900,101.200,,,,,,,,103.000,,,,
94,1983-11-01,101.800,,101.900,101.700,,,,,,,,104.200,,,,
95,1983-12-01,102.300,,102.900,101.700,,,,,,,,105.700,,,,
96,1984-01-01,102.500,52.38,102.800,102.200,,,,,,,,105.100,15628,,,
97,1984-02-01,102.100,,102.800,102.100,,,,,,,,105.100,,,,
98,1984-03-01,102.500,,103.100,102.300,,,,,,,,104.900,,,,
99,1984-04-01,103.000,53.44,103.700,102.700,,,,,,,,105.600,,,,
100,1984-05-01,103.000,,103.900,102.800,,,,,,,,107.000,,,,
101,1984-06-01,105.100,,104.700,103.700,,,,,,,,108.400,,,,
102,1984-07-01,105.000,53.97,105.000,104.000,,,,,,,,108.100,,,,
103,1984-08-01,106.700,,106.300,104.900,,,,,,,,108.500,,,,
104,1984-09-01,107.800,,107.600,105.500,,,,,,,,109.400,,,,
105,1984-10-01,106.100,54.59,107.500,105.100,,,,,,,,109.700,,,,
106,1984-11-01,106.200,,107.700,105.100,,,,,,,,110.000,,,,
107,1984-12-01,106.300,,109.000,105.100,,,,,,,,111.800,,,,
108,1985-01-01,107.100,54.77,110.200,105.500,,,,,,,,113.000,16469,,,
109,1985-02-01,107.200,,109.800,106.000,,,,,,,,112.400,,,,
110,1985-03-01,106.800,,109.600,106.200,,,,,,,,111.200,,,,
111,1985-04-01,107.600,55.73,110.400,106.800,,,,,,,,113.000,,,,
112,1985-05-01,108.100,,111.400,107.000,,,,,,,,114.200,,,,
113,1985-06-01,111.600,,111.700,108.500,,,,,,,,114.300,,,,
114,1985-07-01,111.700,56.48,112.000,108.600,,,,,,,,113.800,,,,
115,1985-08-01,113.200,,113.700,109.100,,,,,,,,117.200,,,,
116,1985-09-01,113.300,,113.400,109.200,,,,,,,,116.700,,,,
117,1985-10-01,109.400,57.51,113.500,108.000,,,,,,,,115.800,,,,
118,1985-11-01,109.200,,113.500,108.500,,,,,,,,115.300,,,,
119,1985-12-01,109.600,,114.700,109.100,,,,,,,,117.000,,,,
120,1986-01-01,110.300,57.97,115.000,109.200,,,,,,,,117.800,17415,,,
121,1986-02-01,110.500,,115.100,109.300,,,,,,,,117.600,,,,
122,1986-03-01,110.400,,115.300,108.400,,,,,,,,118.000,,,,
123,1986-04-01,111.300,59.37,116.800,108.300,,,,,,,,119.500,,,,
124,1986-05-01,111.000,,117.200,108.500,,,,,,,,119.700,,,,
125,1986-06-01,115.500,,117.200,110.600,,,,,,,,119.400,,,,
126,1986-07-01,116.000,61.20,118.200,110.800,,,,,,,,120.200,,,,
127,1986-08-01,116.100,,118.400,110.900,,,,,,,,120.100,,,,
128,1986-09-01,117.100,,119.000,111.800,,,,,,,,121.000,,,,
129,1986-10-01,112.100,63.01,119.600,110.000,,,,,,,,121.300,,,,
130,1986-11-01,112.700,,120.700,110.900,,,,,,,,122.300,,,,
131,1986-12-01,112.100,,120.400,110.800,,,,,,,,122.100,,,,
132,1987-01-01,113.100,64.27,121.000,111.900,,,54.206478764312000,,,,,122.900,18525,,,
133,1987-02-01,113.300,,121.800,111.900,,,55.227274135328000,,,,,122.900,,,,
134,1987-03-01,113.300,,121.600,112.300,,,54.811034097687000,,,,,122.900,,,,
135,1987-04-01,113.900,66.90,121.200,112.800,,,54.801947384645000,,,,,122.700,,,,
136,1987-05-01,114.100,,122.400,113.300,,,55.477466174028000,,,,,123.900,,,,
137,1987-06-01,118.700,,122.800,115.500,,,56.059766704256000,,,,,124.000,,,,
138,1987-07-01,119.600,68.82,123.700,115.900,,,57.109366529394000,,,,,124.700,,,,
139,1987-08-01,120.300,,124.300,116.700,,,57.612209398831000,,,,,127.100,,,,
140,1987-09-01,120.600,,125.100,117.100,,,58.270367998261000,,,,,126.800,,,,
141,1987-10-01,115.400,70.15,125.500,115.100,,,59.006378880118000,,,,,127.000,,,,
142,1987-11-01,116.600,,125.900,115.700,,,59.712488454920000,,,,,128.900,,,,
143,1987-12-01,117.000,,128.500,115.700,,,61.075387998962000,,,,,129.800,,,,
144,1988-01-01,115.700,71.79,128.700,115.300,,,61.972436579440000,,,,,130.200,20160,2651.71598487372000,,
145,1988-02-01,118.000,,129.300,116.600,,,63.446484922669000,,,,,131.100,,2072.07877216303000,,
146,1988-03-01,118.000,,128.000,116.900,,,64.508605749029000,,,,,129.700,,3440.08243514516000,,
147,1988-04-01,118.100,74.22,128.400,117.100,,,65.151433283635000,,,,,129.200,,3101.79735341031000,,
148,1988-05-01,118.100,,128.200,117.000,,,65.571985529543000,,,,,130.100,,3200.33916060212000,,
149,1988-06-01,121.900,,129.300,118.900,,,66.464007912674000,,,,,130.600,,3614.02280601750000,,
150,1988-07-01,122.700,76.08,130.700,119.800,,,66.551697212951000,,,,,132.700,,3419.18920099116000,,
151,1988-08-01,122.100,,131.000,120.100,,,67.751500225488000,,,,,133.300,,3291.19990683670000,,
152,1988-09-01,124.600,,132.200,122.000,,,68.024818814639000,,,,,135.000,,3376.99356416288000,,
153,1988-10-01,123.700,76.64,133.000,121.600,,,69.034958960806000,,,,,137.200,,3259.31304749775000,,
154,1988-11-01,122.300,,132.500,121.000,,,68.646142613058000,,,,,136.800,,3214.32178378285000,,
155,1988-12-01,123.100,,132.300,121.300,,,68.511499583173000,,,,,135.000,,6190.97787861002000,,
156,1989-01-01,123.100,78.18,133.400,121.500,,,68.329908988505000,,,,,135.300,21289,2734.10533082534000,,
157,1989-02-01,123.800,,133.700,122.200,,,69.008791673666000,,,,,135.600,,3188.69138971933000,,
158,1989-03-01,124.200,,134.600,123.000,,,70.074489400170000,,,,,135.900,,2718.71278579829000,,
159,1989-04-01,124.200,80.10,135.100,123.600,,,70.654160787311000,,,,,137.400,,3818.56339004207000,,
160,1989-05-01,124.500,,135.000,123.900,,,70.505418547232000,,,,,137.900,,3174.06250075418000,,
161,1989-06-01,128.200,,137.300,125.700,,,70.521771318217000,,,,,139.400,,2393.54715253753000,,
162,1989-07-01,128.900,81.85,138.400,126.400,,,70.328441523671000,,,,,140.200,,2713.40019577314000,,
163,1989-08-01,128.800,,137.900,126.400,,,70.373904706837000,,,,,139.800,,3136.76926098413000,,
164,1989-09-01,129.900,,138.800,127.100,,,70.179456740637000,,,,,141.600,,2993.00863769177000,,
165,1989-10-01,126.900,82.87,139.300,126.800,,,70.061396164745000,,,,,142.100,,3477.09308756564000,,
166,1989-11-01,126.900,,139.300,126.700,,,69.870097308304000,,,,,142.400,,2787.91035512924000,,
167,1989-12-01,127.200,,139.700,126.500,,,69.679116566779000,,,,,142.500,,2380.11832851409000,,
168,1990-01-01,128.000,83.88,139.800,128.100,,,69.355887352758000,4291008,,,,142.700,22627,3763.72529911673000,,6.6
169,1990-02-01,129.200,,141.400,129.200,1.00,,68.700554103694000,4279705,,,,143.700,,3100.27375775335000,,6.5
170,1990-03-01,129.300,,141.600,129.500,0.62,,68.904077172591000,4275694,,,,145.300,,2932.46233885359000,,6.3
171,1990-04-01,130.200,84.83,142.800,130.400,-0.05,,69.475721318635000,4249318,,,,147.000,,2689.56114924770000,,6.3
172,1990-05-01,129.600,,142.700,130.400,0.55,,69.995388098706000,4263764,,,,145.400,,2467.57321636806000,,6.1
173,1990-06-01,133.200,,142.500,131.700,0.81,,70.250853448000000,4333235,,,,146.400,,2389.00290936060000,,6.2
174,1990-07-01,133.400,85.77,144.200,132.000,0.48,,70.662210322414000,4357680,,,,149.200,,2412.82780492971000,,6.3
175,1990-08-01,134.300,,145.400,133.200,0.20,,70.579854118210000,4296761,,,,150.800,,2256.52597155397000,,6.4
176,1990-09-01,134.200,,145.400,133.800,-0.43,,70.944463269165000,4254739,,,,150.600,,2342.38521812895000,,6.3
177,1990-10-01,130.800,85.93,146.500,133.300,-1.05,,70.717546308451000,4250914,,,,151.900,,1975.03830567283000,,6.0
178,1990-11-01,131.700,,146.200,134.200,-0.51,,70.963493106575000,4246099,,,,152.700,,2186.01504304023000,,5.9
179,1990-12-01,132.500,,148.100,134.600,-0.35,,70.751327708632000,4250208,,,,153.000,,2156.71287261237000,,6.2
180,1991-01-01,134.200,86.92,148.300,135.100,-0.45,,70.839178869860000,4218721,,,,152.800,22900,1950.78345872102000,,7.2
181,1991-02-01,134.300,,148.300,135.500,-0.59,,71.098314117877000,4240304,,,,151.800,,1724.10046345758000,,7.2
182,1991-03-01,135.800,,148.400,136.200,-0.42,,70.944704744192000,4254580,,,,153.000,,1933.95432915119000,,7.3
183,1991-04-01,134.900,87.76,148.900,136.100,-0.47,,71.235726544847000,4248907,,,,151.900,,2255.64043883304000,,6.8
184,1991-05-01,136.100,,150.700,136.800,-0.46,,71.395643970048000,4236434,,,,154.500,,2042.83402101767000,,7.1
185,1991-06-01,137.600,,150.900,137.300,-0.51,,71.318992408205000,4337358,,,,154.400,,2263.06979199818000,,7.5
186,1991-07-01,138.300,88.50,151.700,137.300,-0.49,,71.583216907173000,4353457,,,,155.600,,3592.36112740387000,,7.3
187,1991-08-01,137.900,,151.100,137.600,0.05,,71.791678935147000,4276936,,,,156.100,,2121.51365565612000,,7.2
188,1991-09-01,137.700,,152.000,138.300,0.02,,71.966358151603000,4258468,,,,156.400,,2115.42812571896000,,7.2
189,1991-10-01,137.000,89.82,151.600,138.000,-0.31,,72.181066314490000,4254265,,,,156.900,,2168.14347876379000,,7.4
190,1991-11-01,135.600,,151.400,138.000,-0.28,,72.372109231550000,4275613,,,,157.000,,2292.06565486458000,,8.0
191,1991-12-01,137.400,,152.700,138.300,0.00,,73.013735091814000,4285993,,,,156.800,,2128.47037305867000,,8.5
192,1992-01-01,138.900,90.57,153.100,138.900,0.64,,73.425006366581000,4281840,,,,157.900,24384,2654.18078603482000,,9.3
193,1992-02-01,138.300,,153.600,139.200,0.95,,73.718317035757000,4298539,,,,158.100,,2583.51054014092000,,9.2
194,1992-03-01,138.200,,154.100,139.700,1.10,,73.891724711457000,4309300,,,,158.000,,2502.43910086553000,,8.8
195,1992-04-01,138.200,91.20,154.100,139.800,1.55,,73.225758262343000,4300327,,,,157.700,,2295.73622131105000,,8.3
196,1992-05-01,139.100,,154.400,140.500,1.67,,73.419645392337000,4333495,,,,158.300,,2622.85629483364000,,8.5
197,1992-06-01,141.400,,154.500,141.200,1.88,,74.131482304109000,4439299,,,,160.100,,2566.25691941561000,,9.0
198,1992-07-01,140.700,92.17,155.400,141.400,2.57,,74.900438996272000,4446562,,,,160.300,,2679.66085028006000,,8.3
199,1992-08-01,140.600,,156.100,141.900,2.19,,74.978006341050000,4373952,,,,161.500,,2546.44939415202000,,7.6
200,1992-09-01,141.600,,156.700,142.700,1.88,,75.234983548902000,4324752,,,,162.200,,2708.36795760426000,,7.2
201,1992-10-01,139.500,92.94,156.500,142.100,1.64,,75.545505439163000,4290058,,,,161.100,,2729.20876355562000,,6.6
202,1992-11-01,140.500,,156.900,142.400,1.50,,75.910743673770000,4333657,,,,162.000,,2633.26427242037000,,7.0
203,1992-12-01,141.800,,156.400,142.900,1.88,,75.848620240970000,4350445,,,,162.400,,2596.87940141290000,,7.4
204,1993-01-01,141.800,93.69,157.600,143.200,2.13,,76.011974265428000,4327004,,,,162.500,25059,2828.44358768061000,,8.5
205,1993-02-01,141.300,,157.800,143.600,2.16,,76.008640130314000,4349847,,,,162.300,,2707.30837950515000,,8.5
206,1993-03-01,141.000,,156.400,144.100,2.38,,76.215453658691000,4349938,,,,161.900,,2639.81337231482000,,8.2
207,1993-04-01,142.500,94.44,157.300,144.700,2.99,,76.324601271514000,4338749,,,,162.600,,2827.97251590798000,,8.0
208,1993-05-01,142.900,,158.000,145.700,2.43,,76.692507039788000,4390333,,,,163.200,,2617.47350439642000,,8.2
209,1993-06-01,144.300,,156.900,145.600,2.04,,77.293236726440000,4478197,,,,163.000,,2806.53187525647000,,8.6
210,1993-07-01,143.300,95.37,157.300,145.500,2.14,,77.548808388670000,4483730,,,,162.800,,2837.85589107645000,,7.9
211,1993-08-01,144.300,,159.200,146.100,2.08,,77.627673985164000,4421009,,,,162.800,,2767.09476143141000,,7.3
212,1993-09-01,145.200,,160.200,146.700,2.21,,77.812339234670000,4370529,,,,164.600,,2729.38875632240000,,7.2
213,1993-10-01,145.600,96.14,161.500,147.200,2.64,,78.112284307860000,4377968,,,,166.800,,2929.92286568144000,,6.9
214,1993-11-01,143.400,,161.900,146.400,2.37,,78.426133588854000,4391799,,,,167.600,,3585.27346498672000,,6.4
215,1993-12-01,143.400,,161.700,146.100,2.00,,79.106541723662000,4402137,,,,168.600,,3330.06984489356000,,6.4
216,1994-01-01,143.200,97.37,161.200,146.500,1.60,,80.194479457211000,4411430,,,,168.000,26118,2783.07243082206000,,7.8
217,1994-02-01,143.200,,162.000,146.800,2.28,,80.170725614437000,4421990,,,,168.500,,2545.12728609344000,,7.4
218,1994-03-01,143.600,,163.000,147.600,3.06,,80.079418851663000,4399471,,,,168.500,,3580.39451771191000,,7.1
219,1994-04-01,144.200,98.50,163.400,147.900,3.33,,80.204889036002000,4392400,,,,169.200,,3084.89170349716000,,6.4
220,1994-05-01,144.100,,163.600,147.600,3.23,,80.568745390733000,4422052,,,,169.600,,3443.37539348777000,,5.8
221,1994-06-01,145.300,,164.400,148.100,3.05,,80.615509703363000,4482535,,,,171.200,,3000.30590998731000,,6.1
222,1994-07-01,144.700,99.05,163.800,148.300,2.78,,80.659729532182000,4508869,,,,170.500,,3228.35862568991000,,6.0
223,1994-08-01,145.400,,163.800,149.800,2.57,,80.910095881825000,4481033,,,,171.500,,3350.43755325259000,,5.7
224,1994-09-01,145.900,,164.200,150.200,2.31,,81.175846618771000,4439387,,,,172.600,,3162.50171336008000,,5.2
225,1994-10-01,144.200,99.15,164.200,149.400,1.79,,81.617259091028000,4460976,,,,171.300,,3136.53985729283000,,5.2
226,1994-11-01,146.400,,166.400,150.400,2.59,,81.715648139857000,4445828,,,,174.000,,3096.07075076353000,,4.8
227,1994-12-01,147.900,,167.200,150.500,3.01,,81.860945832010000,4435796,,,,175.800,,3220.47734153471000,,4.8
228,1995-01-01,149.200,100.00,167.900,151.800,3.47,,81.883233694108000,4443530,,,,176.600,27662,2867.72503486036000,,5.9
229,1995-02-01,149.100,,168.600,152.300,3.03,,82.154192483507000,4480456,,,,177.200,,2812.53914282582000,,5.6
230,1995-03-01,149.100,,169.400,152.600,1.97,,82.281548161042000,4489735,,,,177.900,,2991.54474673959000,,5.7
231,1995-04-01,149.700,101.46,169.900,153.100,0.87,,82.346761257211000,4495969,,,,178.600,,2493.29549957218000,,6.0
232,1995-05-01,149.900,,170.100,153.000,1.62,,82.316163883838000,4488166,,,,178.900,,2763.25978961645000,,5.5
233,1995-06-01,150.700,,170.200,153.500,2.28,,82.517247968407000,4543492,,,,178.900,,3262.50402574259000,,5.5
234,1995-07-01,151.700,102.61,170.800,153.600,2.27,,82.846516382077000,4589831,,,,179.800,,2830.85535056769000,,5.5
235,1995-08-01,151.900,,171.300,153.800,2.27,,83.109243623176000,4527098,,,,180.700,,3194.05781393292000,,5.3
236,1995-09-01,151.300,,171.700,154.000,2.11,,83.428629913948000,4496335,,,,181.200,,3574.41799509060000,,5.0
237,1995-10-01,151.300,103.58,172.300,154.300,1.61,,83.512437888133000,4515470,,,,181.900,,2920.61364491252000,,4.7
238,1995-11-01,151.400,,172.600,154.000,1.68,,83.875639085359000,4509540,,,,183.000,,3154.68209480680000,,4.7
239,1995-12-01,152.100,,173.000,153.800,1.86,,83.959509579422000,4505802,,,,183.500,,2874.34563591122000,,5.0
240,1996-01-01,152.400,104.67,173.200,154.600,1.76,,84.258774016819000,4492364,,,,183.100,29096,3060.50341289850000,,6.1
241,1996-02-01,153.000,,173.600,155.200,1.59,,83.917424086174000,4520357,,,,183.600,,3050.15094513915000,,5.7
242,1996-03-01,153.800,,174.000,156.300,1.42,,84.017461216081000,4535871,,,,184.000,,3082.97392020009000,,5.5
243,1996-04-01,154.100,104.77,174.400,156.400,1.08,,84.828177891783000,4524687,,,,184.200,,3632.28387563261000,,5.5
244,1996-05-01,154.500,,174.700,156.900,1.54,,85.056659800775000,4556536,,,,184.400,,3354.41928923336000,,5.5
245,1996-06-01,155.800,,175.500,157.600,1.76,,85.210576025672000,4619143,,,,184.600,,2932.59881692412000,,5.6
246,1996-07-01,155.900,105.02,175.800,157.700,1.76,,85.175260310217000,4660657,,,,185.200,,3100.68335808670000,,5.7
247,1996-08-01,156.800,,176.400,158.100,2.06,,85.309707884418000,4575976,,,,185.500,,3145.40944062253000,,5.1
248,1996-09-01,156.200,,176.900,158.300,1.91,,85.538534668684000,4543784,,,,185.900,,3021.14711897933000,,4.9
249,1996-10-01,156.300,106.04,177.900,158.800,2.25,,85.812225672709000,4565125,,,,186.700,,3433.64765444352000,,4.6
250,1996-11-01,156.000,,178.700,159.400,2.25,,86.119846280367000,4562650,,,,187.200,,3239.46109467645000,,4.6
251,1996-12-01,156.900,,178.800,159.700,2.05,,86.452119616246000,4570715,,,,187.600,,2850.04246046703000,,4.8
252,1997-01-01,158.600,107.11,179.400,160.400,2.00,,86.519564927185000,4554254,,,,188.100,30614,3228.62425416496000,,5.8
253,1997-02-01,159.200,,180.100,161.100,2.10,,86.529694071265000,4565246,,,,189.100,,2864.13833820291000,,5.5
254,1997-03-01,158.700,,180.300,161.000,2.41,,86.829768474322000,4592810,,,,189.400,,2800.61866820757000,,5.4
255,1997-04-01,157.700,107.64,180.700,160.900,2.68,,86.924975320350000,4569267,,,,190.100,,3015.89574352969000,,4.8
256,1997-05-01,158.100,,181.400,161.100,2.52,,86.888872552457000,4585459,,,,190.900,,2857.50306127454000,,4.5
257,1997-06-01,159.700,,182.500,161.700,1.92,,86.889530997544000,4653547,,,,191.800,,2883.01767431049000,,5.0
258,1997-07-01,160.100,108.77,183.500,161.700,1.45,,87.222319313901000,4668385,,,,193.100,,3038.07214844144000,,4.8
259,1997-08-01,161.000,,184.200,162.500,1.65,,87.563790745547000,4623679,,,,194.200,,2504.03962790495000,,4.7
260,1997-09-01,161.400,,184.900,162.100,1.90,,87.967002284901000,4588995,,,,195.300,,2964.25095338103000,,4.6
261,1997-10-01,161.800,109.94,185.600,162.500,1.87,,88.325284597652000,4586618,,,,196.400,,2719.52045912125000,,4.5
262,1997-11-01,163.200,,186.200,162.900,2.41,,88.921042381495000,4605957,,,,197.300,,2666.96973675339000,,4.4
263,1997-12-01,162.300,,186.200,162.800,2.89,,89.378636564755000,4616358,,,,197.300,,3100.41902718411000,,4.7
264,1998-01-01,162.300,110.81,187.100,162.800,3.17,,90.187410665152000,4587989,,,,198.000,32371,3096.06963077212000,,5.4
265,1998-02-01,162.500,,187.400,163.100,2.48,,90.543431115857000,4604995,,,,198.500,,3249.75196319246000,,5.0
266,1998-03-01,163.500,,188.100,164.100,1.81,,90.699638210582000,4608735,,,,199.200,,3103.10384383753000,,5.0
267,1998-04-01,164.400,111.44,188.300,164.800,2.34,,90.669103422800000,4572235,,,,199.200,,3080.56707092891000,,4.0
268,1998-05-01,164.300,,188.900,165.600,1.94,,90.992325997219000,4597630,,,,199.800,,3075.12172741756000,,4.0
269,1998-06-01,166.000,,190.100,166.000,1.46,,91.562942127079000,4672391,,,,200.800,,3218.06343187703000,,4.8
270,1998-07-01,166.300,112.72,190.200,166.500,1.72,,91.807478295088000,4680967,,,,201.000,,3114.04932667895000,,4.2
271,1998-08-01,164.500,,190.900,165.400,1.33,,92.152674730814000,4634188,,,,201.400,,2517.14644698130000,,4.5
272,1998-09-01,164.000,,191.700,165.300,1.60,,92.274398570869000,4632478,,,,202.100,,2980.14387416123000,,4.5
273,1998-10-01,164.300,113.44,192.600,165.700,1.62,,92.516278426532000,4636760,,,,202.900,,3375.55445722167000,,4.3
274,1998-11-01,163.900,,192.900,165.400,1.60,,92.108743858495000,4655316,,,,202.600,,3111.81799961506000,,4.2
275,1998-12-01,164.500,,193.100,165.100,1.76,,92.657984233885000,4662787,,,,203.200,,3947.13297954055000,,4.1
276,1999-01-01,165.300,114.69,194.600,166.100,1.81,,92.942036628065000,4666787,,,,203.500,33628,3228.47209713377000,,4.7
277,1999-02-01,165.100,,195.200,166.400,1.81,,93.521966619583000,4682517,,,,204.400,,3345.21163344688000,,4.6
278,1999-03-01,165.300,,196.100,167.000,0.82,,93.624581444408000,4678830,,,,205.200,,3642.73131208293000,,4.2
279,1999-04-01,166.700,116.33,196.700,167.600,0.47,,94.654396486828000,4674165,,,,207.000,,3409.83737874833000,,4.4
280,1999-05-01,167.000,,196.700,168.200,0.85,,95.432819595367000,4701055,,,,207.100,,3263.82325398794000,,4.3
281,1999-06-01,169.200,,197.500,168.900,1.36,,96.317719255647000,4781524,,,,208.600,,3536.62964842535000,,5.0
282,1999-07-01,169.600,118.65,197.500,169.400,1.55,,96.629682278499000,4791569,,,,208.900,,3531.44072148140000,,4.9
283,1999-08-01,169.700,,197.700,169.300,1.59,,97.175055034086000,4730396,,,,209.200,,4019.69925239212000,,4.5
284,1999-09-01,170.400,,198.500,169.700,1.96,,97.750316091733000,4705835,,,,209.400,,4004.16156251828000,,4.2
285,1999-10-01,169.800,120.24,199.100,169.700,2.55,,98.660909471560000,4734562,,,,209.300,,3508.88521063775000,,4.0
286,1999-11-01,168.900,,199.400,169.300,2.31,,99.405112802300000,4753951,,,,209.700,,3931.89819930064000,,4.0
287,1999-12-01,169.300,,200.400,169.200,1.97,,100.143256356206000,4762231,,,,210.800,,3603.24912933615000,,4.0
288,2000-01-01,169.800,123.09,201.300,170.200,1.72,,100.564839533151000,4742330,,,,211.900,36038,3400.60254196308000,9117.732,4.6
289,2000-02-01,170.600,,201.700,171.400,1.78,,101.411385986669000,4767338,,,,212.800,,3816.48694817386000,,4.7
290,2000-03-01,171.400,,202.300,172.200,1.73,,102.427759640493000,4772307,,,,213.300,,3406.73488947509000,,4.6
291,2000-04-01,171.300,125.75,202.000,171.900,1.25,,103.411191863068000,4767181,,,,213.200,,3606.54604596500000,,4.1
292,2000-05-01,173.400,,203.000,173.700,0.80,,104.391107591937000,4755949,,,,214.700,,4159.19290258201000,,4.2
293,2000-06-01,175.900,,203.400,176.000,0.78,,105.509360814498000,4840670,,,,215.500,,3373.27856698767000,,4.6
294,2000-07-01,177.500,128.10,204.800,174.600,0.70,,106.031141071867000,4816614,,,,217.100,,3432.26330026149000,,4.6
295,2000-08-01,176.800,,206.100,173.700,1.12,,106.422517588493000,4770661,,,,217.300,,3235.25393613768000,,4.4
296,2000-09-01,178.200,,206.600,174.800,1.27,,106.710102532391000,4718141,,,,217.900,,3274.08429822107000,,3.9
297,2000-10-01,178.700,129.84,207.900,175.400,1.22,,106.977829565684000,4729207,,,,218.300,,3257.84511432755000,,3.7
298,2000-11-01,179.700,,207.800,176.000,0.86,,107.472286272223000,4743771,,,,218.600,,3630.59478984745000,,4.1
299,2000-12-01,179.900,,208.600,175.800,0.42,,108.149483431257000,4761173,,,,219.200,,2484.77014160971000,,4.3
300,2001-01-01,183.600,131.60,209.300,178.100,0.47,401284.183,108.922847419915000,4776626,,,,219.400,36907,4241.95456864409000,9192.501,5.3
301,2001-02-01,183.800,,210.000,178.500,0.29,,109.520926757146000,4784609,,,,219.800,,3555.44329414996000,,5.3
302,2001-03-01,182.200,,212.000,177.100,-0.14,,110.357388713615000,4801990,,,,220.400,,3662.70160409314000,,5.5
303,2001-04-01,180.700,134.15,212.300,178.400,-0.50,,111.288584695398000,4773107,,,,220.600,,3542.26957581448000,,5.3
304,2001-05-01,181.100,,213.900,179.800,-0.56,,112.087049843841000,4764617,,,,221.200,,3914.62416310179000,,4.9
305,2001-06-01,181.200,,215.000,179.200,-1.17,,113.216371697891000,4837431,,,,222.000,,3690.89509992947000,,5.6
306,2001-07-01,181.000,137.23,216.700,177.700,-2.12,,114.210723856129000,4830363,,,,223.700,,3510.30914340717000,,5.4
307,2001-08-01,181.100,,217.000,178.100,-1.99,,115.251164915624000,4748731,,,,225.100,,3698.01552397558000,,5.6
308,2001-09-01,180.800,,218.200,179.700,-2.04,,116.095372435039000,4726406,,,,227.200,,2902.91357444894000,,5.2
309,2001-10-01,179.500,138.83,218.800,178.100,-2.33,,116.520597713433000,4725174,,,,228.600,,3638.91038551314000,,5.4
310,2001-11-01,180.600,,219.600,177.400,-1.87,,116.804167637174000,4727448,,,,230.800,,3656.01330655113000,,5.8
311,2001-12-01,182.100,,220.100,177.900,-1.36,,117.089704686313000,4732423,,,,232.700,,3783.43030821298000,,6.2
312,2002-01-01,182.400,141.62,220.600,177.900,-1.04,410819.015,117.505149684935000,4704606,,,,233.900,37137,3989.37980500699000,9245.135,7.3
313,2002-02-01,183.700,,221.200,178.700,-0.73,,118.121387335318000,4736526,,,,234.900,,3904.32797040978000,,7.1
314,2002-03-01,184.100,,221.100,179.800,-0.40,,118.721810155062000,4709253,,,,236.200,,3809.46569959900000,,7.1
315,2002-04-01,186.400,144.68,221.400,180.900,0.01,,119.634844202518000,4693707,,,,237.400,,4114.51029744856000,,7.1
316,2002-05-01,187.500,,222.200,181.400,0.15,,120.339117151383000,4685540,,,,237.300,,4025.61562627276000,,6.7
317,2002-06-01,188.800,,222.500,182.100,0.17,,121.053238805691000,4755994,,,,238.100,,3920.57559360926000,,7.4
318,2002-07-01,187.400,147.06,221.900,181.200,0.28,,121.859731710871000,4750407,,,,236.800,,4251.17789042730000,,7.3
319,2002-08-01,186.600,,221.600,181.600,0.54,,122.634899720476000,4687395,,,,236.900,,2851.34084472879000,,6.8
320,2002-09-01,187.700,,222.400,182.100,0.43,,123.483561110288000,4655799,,,,237.300,,3765.19533833140000,,6.2
321,2002-10-01,188.000,148.98,224.400,182.800,0.21,,124.350923660064000,4651728,,,,238.400,,4242.49572198206000,,6.3
322,2002-11-01,188.900,,225.200,183.200,0.14,,125.316701877297000,4632159,,,,238.800,,3467.15362940089000,,6.5
323,2002-12-01,189.300,,225.400,182.400,0.01,,126.366207177332000,4626447,,,,239.400,,4143.04756150747000,,6.5
324,2003-01-01,189.500,150.81,226.100,182.700,0.03,422850.774,127.222375096967000,4634283,,,,239.700,37554,3703.96769660317000,9286.162,7.3
325,2003-02-01,190.300,,226.900,184.100,-0.15,,128.211177385961000,4649554,,,,240.000,,3684.10523148467000,,7.1
326,2003-03-01,191.500,,227.600,184.800,-0.10,,129.485517015980000,4642104,,,,239.800,,3577.18985497792000,,7.0
327,2003-04-01,190.800,152.66,229.400,183.400,0.14,,129.782829393505000,4632758,,,,239.700,,4086.18716376147000,,6.6
328,2003-05-01,190.200,,229.100,183.400,0.23,,130.528971159927000,4638851,,,,239.400,,3767.98135875942000,,6.6
329,2003-06-01,191.800,,230.200,184.100,0.09,,131.022711645283000,4755224,,,,238.800,,4789.60731687589000,,7.7
330,2003-07-01,193.100,155.07,231.300,184.100,0.28,,131.698928703011000,4741453,,,,239.600,,4043.55715284239000,,7.2
331,2003-08-01,192.900,,232.000,184.500,0.37,,132.194726604022000,4685095,,,,240.300,,4147.03193587382000,,7.0
332,2003-09-01,193.600,,232.300,186.100,0.14,,133.285797634860000,4645665,,,,241.400,,4578.18525294135000,,6.7
333,2003-10-01,193.400,160.67,231.900,185.800,-0.06,,134.447002626690000,4639101,,,,241.800,,4995.16856263096000,,6.3
334,2003-11-01,192.900,,232.500,185.600,0.09,,135.652480752802000,4647559,,,,242.200,,4502.34589307585000,,6.3
335,2003-12-01,192.800,,233.200,185.500,0.68,,137.040881065328000,4633470,,,,242.100,,3939.44951878550000,,6.1
336,2004-01-01,192.600,162.71,232.800,185.400,0.78,446694.220,138.025281696190000,4634809,,,,241.800,38862,3394.08899140091000,9332.090,7.0
337,2004-02-01,192.700,,233.100,186.400,1.15,,138.762420551859000,4644568,,,,241.900,,3563.47735808240000,,6.7
338,2004-03-01,192.200,,232.800,186.300,1.65,,139.610641018401000,4648490,,,,241.900,,4270.74296855611000,,6.8
339,2004-04-01,193.400,167.00,232.800,187.200,1.85,,140.171045939726000,4627377,,,,241.500,,3662.89688987909000,,6.2
340,2004-05-01,193.800,,233.200,188.700,1.82,,141.472969528627000,4641135,,,,241.500,,3799.39472713676000,,6.1
341,2004-06-01,196.000,,234.800,189.100,1.69,,142.315268547029000,4729769,,,,241.600,,4170.24941495876000,,6.6
342,2004-07-01,196.400,174.09,234.900,189.200,1.61,,143.231934189879000,4746277,,,,242.700,,4031.27403591258000,,6.4
343,2004-08-01,196.600,,235.200,190.200,1.25,,143.847510181434000,4689399,,,,242.900,,4195.57901768418000,,6.1
344,2004-09-01,195.900,,237.100,190.000,1.20,,145.181986457851000,4641838,,,,243.900,,4239.86078185548000,,5.8
345,2004-10-01,196.200,176.62,237.800,190.800,1.34,,146.166410712502000,4664955,,,,245.400,,4216.17585252099000,,5.8
346,2004-11-01,196.600,,237.700,190.700,1.32,,147.250301905799000,4683461,,,,244.600,,4129.25294317882000,,5.9
347,2004-12-01,196.200,,238.600,189.600,1.25,,148.585239434270000,4668928,,,,244.600,,4073.01141331206000,,5.9
348,2005-01-01,196.500,180.82,239.900,189.900,1.14,471401.491,150.041198194418000,4647967,,,,244.700,40731,3470.96775043510000,9362.080,6.5
349,2005-02-01,196.000,,240.600,190.500,1.33,,151.823049075598000,4672138,,,,245.100,,3945.50006524286000,,6.8
350,2005-03-01,196.100,,240.400,191.300,1.68,,153.995416739539000,4654822,43.50%,177440.0,1.70%,245.800,,4490.83495013995000,,6.2
351,2005-04-01,198.100,186.24,240.800,193.200,2.00,,154.603929921495000,4674369,,,,245.600,,4538.90963772313000,,6.1
352,2005-05-01,199.400,,242.000,193.300,1.43,,155.274942254908000,4684454,,,,246.200,,4256.63801107798000,,6.0
353,2005-06-01,200.600,,242.000,194.000,1.44,,156.073059589790000,4760373,43.50%,178915.0,1.60%,247.700,,4120.55462515827000,,6.4
354,2005-07-01,201.600,190.59,241.700,194.200,2.00,,156.617381635927000,4773801,,,,247.800,,4533.08163599070000,,6.0
355,2005-08-01,202.000,,241.800,195.800,1.80,,156.555214772412000,4718935,,,,249.000,,4940.25263200543000,,5.5
356,2005-09-01,203.300,,242.100,198.300,1.71,,157.966467793894000,4684800,43.40%,179553.0,1.60%,248.900,,4644.86433125380000,,5.5
357,2005-10-01,204.800,195.05,242.400,197.900,1.75,,159.153793935172000,4701579,,,,249.900,,4333.20976415024000,,5.1
358,2005-11-01,205.800,,245.100,197.300,1.85,,161.324973301431000,4707734,,,,251.300,,4753.13107552093000,,5.2
359,2005-12-01,205.100,,245.200,196.400,2.01,,162.646390562541000,4701752,43.10%,181901.0,1.60%,251.100,,4556.99916563069000,,5.1
360,2006-01-01,205.600,198.24,245.200,197.500,2.54,494879.583,164.447884888759000,4682740,,,,251.300,43490,4616.32039420509000,9398.855,5.3
361,2006-02-01,204.900,,243.900,197.200,2.28,,165.921456725205000,4714029,,,,251.000,,4878.31553317818000,,5.3
362,2006-03-01,203.500,,244.200,197.600,1.86,,168.016174214218000,4718639,43.80%,184554.0,1.60%,251.200,,4373.77804511229000,,4.9
363,2006-04-01,202.200,200.62,245.000,197.700,1.56,,167.616674624603000,4725534,,,,251.500,,4188.56293844753000,,4.8
364,2006-05-01,202.500,,245.100,198.400,1.29,,167.717165281165000,4739967,,,,252.100,,4517.10322094784000,,4.4
365,2006-06-01,203.800,,246.200,199.000,1.24,,167.155394824858000,4841731,44.10%,185150.0,1.50%,252.700,,3773.00653977658000,,4.8
366,2006-07-01,204.100,202.56,246.800,199.300,0.86,,166.556534618142000,4863544,,,,253.200,,4092.33222711987000,,4.8
367,2006-08-01,204.200,,247.500,200.400,0.96,,166.019695906943000,4831622,,,,253.800,,3760.78983121276000,,4.6
368,2006-09-01,204.500,,248.000,199.600,1.06,,166.452195259438000,4787148,44.20%,186682.0,1.70%,254.900,,3213.47599195440000,,4.1
369,2006-10-01,204.500,204.23,249.300,197.500,1.11,,166.481692928314000,4817587,,,,256.100,,3398.16908706010000,,3.7
370,2006-11-01,205.200,,249.700,197.900,1.25,,166.513208320779000,4830604,,,,256.700,,3070.31201326009000,,3.9
371,2006-12-01,205.900,,252.500,197.800,1.47,,166.958777446558000,4843909,44.00%,189295.0,1.70%,256.100,,2878.90897393161000,,4.2
372,2007-01-01,209.448,205.23,253.144,199.401,1.49,514701.272,168.265474649360000,4826508,,,,256.622,45919,4424.02564973664000,9451.936,5.2
373,2007-02-01,210.305,,254.400,200.630,1.14,,169.482607452544000,4832034,,,,256.520,,3342.83087048320000,,5.1
374,2007-03-01,211.655,,255.087,202.483,1.74,,171.278070405799000,4829476,43.70%,189908.0,1.80%,256.689,,3260.35211156104000,,4.5
375,2007-04-01,212.971,204.75,255.810,204.019,1.15,,168.767696458526000,4825937,,,,257.293,,2571.17714684994000,,4.7
376,2007-05-01,212.715,,255.889,205.686,1.15,,167.370559668105000,4841679,,,,256.822,,3071.29258762566000,,4.6
377,2007-06-01,213.488,,254.560,206.092,0.83,,165.974310231563000,4954800,44.40%,190693.0,1.80%,256.449,,3113.59881084550000,,5.3
378,2007-07-01,213.663,202.55,255.597,205.561,0.40,,164.649866884394000,4973931,,,,258.271,,2368.81835187891000,,5.3
379,2007-08-01,214.865,,257.197,205.813,0.34,,162.940077998802000,4908882,,,,260.947,,2362.76611444216000,,5.0
380,2007-09-01,213.738,,257.946,206.454,0.46,,161.400348896413000,4889465,44.70%,191428.0,2.10%,261.972,,2645.58215874808000,,4.7
381,2007-10-01,213.702,202.63,260.058,206.696,0.84,,160.303175173035000,4897306,,,,262.178,,2386.81156079011000,,4.6
382,2007-11-01,213.620,,260.901,207.821,1.04,,159.626981216961000,4921500,,,,263.301,,2330.84298013790000,,4.7
383,2007-12-01,213.167,,262.271,207.155,0.94,,159.351242670809000,4914587,44.20%,191683.0,2.40%,264.267,,2402.57040480113000,,5.2
384,2008-01-01,215.237,200.90,262.761,208.757,0.69,509707.000,157.528540236193000,4907742,,,,265.168,46421,2368.79882174561000,9515.636,5.8
385,2008-02-01,216.041,,262.352,209.526,0.16,,155.969175840060000,4893093,,,,264.949,,1293.74798952947000,,5.7
386,2008-03-01,218.325,,263.166,211.542,-0.01,,155.244296094426000,4900210,44.30%,191299.0,2.80%,264.998,,1431.49715466733000,,5.5
387,2008-04-01,218.881,195.68,262.476,212.662,-0.21,,153.931294783674000,4895094,,,,263.996,,2610.32008734827000,,5.2
388,2008-05-01,221.094,,263.035,214.932,-0.64,,152.008420221969000,4913640,,,,263.144,,1391.54704331947000,,5.9
389,2008-06-01,222.093,,263.922,215.738,-0.93,,149.960045621382000,4997982,45.30%,191631.0,2.90%,261.117,,1292.52303707846000,,6.6
390,2008-07-01,224.164,187.79,263.668,217.459,-1.04,,147.545742474346000,4985252,,,,259.867,,1364.34633893270000,,6.5
391,2008-08-01,220.573,,264.592,215.971,-1.68,,145.938792808477000,4920720,,,,259.853,,1340.67975119611000,,6.5
392,2008-09-01,219.013,,266.148,215.465,-2.58,,144.213667623787000,4853691,45.20%,190502.0,3.20%,260.431,,881.23210583171100,,6.0
393,2008-10-01,217.026,186.24,266.778,213.363,-3.52,,142.347578182040000,4856583,,,,261.355,,925.54874482522200,,6.2
394,2008-11-01,216.779,,266.756,209.053,-4.60,,139.526677684803000,4837363,,,,261.853,,822.02477844607100,,6.4
395,2008-12-01,215.547,,267.250,205.959,-5.39,,136.711418096163000,4844038,45.00%,193656.0,3.80%,261.917,,956.01907525672000,,7.4
396,2009-01-01,215.760,185.03,268.067,207.616,-6.13,500898.498,132.182919952677000,4827750,,,,262.717,43320,798.28066188980200,9580.567,8.7
397,2009-02-01,214.973,,268.116,207.367,-6.05,,129.403163942277000,4861694,,,,262.819,,749.48392689175100,,9.6
398,2009-03-01,213.128,,267.297,207.462,-6.12,,127.335992104132000,4864457,44.60%,193843.0,4.60%,262.907,,477.22652409844700,,9.8
399,2009-04-01,212.427,177.18,267.595,207.886,-5.76,,125.862858717085000,4875928,,,,263.439,,546.75328406604400,,9.7
400,2009-05-01,213.175,,267.381,209.809,-4.43,,125.799365309359000,4892829,,,,263.828,,222.03736020569300,,10.1
401,2009-06-01,213.695,,268.380,211.010,-3.34,,124.520028283472000,4990806,44.30%,192886.0,5.30%,265.362,,478.10923098255700,,10.8
402,2009-07-01,214.620,170.12,268.285,210.906,-2.71,,125.923375266564000,4988833,,,,266.523,,697.23637106585700,,10.8
403,2009-08-01,214.608,,269.858,211.441,-2.02,,126.639796644456000,4912168,,,,267.021,,203.50841000872600,,10.6
404,2009-09-01,213.612,,270.214,211.345,-1.41,,128.165982538403000,4837624,43.70%,191133.0,6.10%,267.607,,855.51278813145700,,10.4
405,2009-10-01,214.361,168.06,270.564,211.708,-1.00,,127.569272930241000,4841413,,,,267.671,,431.99798217738400,,10.6
406,2009-11-01,214.003,,270.084,212.206,-0.59,,127.765097773319000,4837945,,,,267.792,,677.55931123775500,,10.4
407,2009-12-01,212.903,,269.831,211.185,-0.39,,127.121810921751000,4817185,43.50%,189298.0,6.80%,267.873,,510.83859952546500,,11.0
408,2010-01-01,214.752,164.42,272.882,212.104,-0.15,513514.067,126.838928220767000,4849500,,,,267.804,44208,632.28362783485200,9470.634,12.2
409,2010-02-01,215.056,,273.111,212.456,0.78,,126.221814524784000,4868111,,,,267.574,,656.46510074110500,,11.9
410,2010-03-01,214.400,,273.308,212.952,1.30,,125.021670568957000,4879832,43.60%,189024.0,7.20%,267.042,,601.07593045411500,,11.6
411,2010-04-01,212.716,161.56,272.943,212.929,1.75,,124.271894822423000,4896855,,,,266.826,,631.52778098758200,,10.8
412,2010-05-01,212.114,,272.715,212.984,1.70,,124.042432575720000,4878094,,,,266.264,,813.51301650753500,,10.3
413,2010-06-01,213.436,,272.203,212.186,1.28,,124.020221092340000,4945196,43.60%,188762.0,7.00%,265.712,,607.92295650113200,,10.7
414,2010-07-01,214.415,162.55,271.439,212.535,1.08,,123.140539012591000,4941204,,,,265.661,,574.12102016284500,,10.8
415,2010-08-01,214.048,,271.424,212.784,2.17,,122.245495618289000,4889344,,,,265.944,,466.29957824954300,,10.3
416,2010-09-01,213.567,,271.824,213.339,2.42,,120.573176558214000,4841206,42.80%,187191.0,7.10%,266.098,,461.48210954687500,,9.6
417,2010-10-01,212.660,160.96,272.291,213.332,2.78,,119.223911264953000,4838234,,,,266.395,,645.00173677470400,,9.5
418,2010-11-01,212.670,,273.779,213.066,2.33,,118.390872171337000,4837361,,,,267.124,,343.02809187349000,,9.6
419,2010-12-01,212.964,,274.624,213.778,2.29,,118.113463760548000,4810019,41.60%,184672.0,7.00%,267.338,,792.28203850638000,,9.4
420,2011-01-01,213.586,155.06,275.003,215.155,2.18,532618.914,117.789240741946000,4791629,,,,268.040,46248,986.02490374189600,9500.870,10.3
421,2011-02-01,215.059,,275.195,216.192,2.10,,117.146710451735000,4801525,,,,269.746,,579.17304996422100,,10.1
422,2011-03-01,215.312,,274.706,217.880,2.24,,115.674210413016000,4812487,42.40%,184640.0,7.10%,269.458,,449.30093123560600,,9.8
423,2011-04-01,215.036,150.81,275.184,218.762,2.11,,113.668140073918000,4811835,,,,269.372,,424.72307440400200,,9.4
424,2011-05-01,215.425,,275.268,220.094,1.62,,113.809388614452000,4836015,,,,269.842,,521.87524315048500,,9.7
425,2011-06-01,216.331,,275.207,220.182,1.59,,114.370824474801000,4931675,42.60%,183182.0,6.90%,269.746,,596.95731688724800,,10.6
426,2011-07-01,217.460,151.22,275.836,219.277,1.81,,114.484764508517000,4934784,,,,270.218,,437.84287029899800,,10.6
427,2011-08-01,216.980,,276.397,219.688,1.79,,114.861751300101000,4913903,,,,270.782,,856.12363601584000,,10.5
428,2011-09-01,217.305,,277.221,220.027,1.76,,114.366581613181000,4878441,42.40%,181266.0,7.00%,271.480,,670.24225375468600,,9.9
429,2011-10-01,217.564,150.88,277.672,219.592,1.81,,113.659987887840000,4885720,,,,272.636,,829.95100423056900,,9.7
430,2011-11-01,217.317,,278.899,219.181,2.11,,111.742049293156000,4862016,,,,273.485,,880.97073481735900,,9.1
431,2011-12-01,217.537,,279.815,218.180,2.35,,110.810686808714000,4857791,41.70%,178795.0,7.30%,273.687,,1017.55261497403000,,9.3
432,2012-01-01,217.928,148.35,280.284,219.585,2.64,561292.438,110.183114793858000,4815468,,,,274.322,48761,698.40059555030100,9528.090,9.8
433,2012-02-01,217.462,,280.126,219.626,2.20,,109.091765218481000,4843606,,,,274.349,,634.86428448023100,,9.7
434,2012-03-01,218.046,,280.497,222.351,2.05,,107.299601800172000,4839595,41.90%,177169.0,7.20%,275.115,,918.22692073814100,,9.2
435,2012-04-01,217.031,146.16,280.203,222.416,1.63,,107.033519943407000,4827721,,,,274.617,,565.38932268415600,,8.6
436,2012-05-01,216.864,,280.692,222.262,1.50,,109.976006345055000,4865537,,,,275.039,,524.06251885426000,,8.8
437,2012-06-01,218.166,,280.625,222.138,1.68,,112.025153265559000,4974116,41.50%,175909.0,7.00%,275.036,,696.70203550250200,,9.6
438,2012-07-01,217.827,147.75,280.823,221.611,1.80,,113.115654236130000,4971598,,,,275.140,,668.40069287329400,,9.7
439,2012-08-01,218.018,,281.457,222.967,2.05,,112.973536564010000,4908460,,,,275.322,,989.92985628962100,,9.3
440,2012-09-01,217.840,,281.850,223.611,2.05,,112.817478585025000,4879948,40.90%,174464.0,6.90%,275.462,,908.01091015093200,,8.4
441,2012-10-01,219.527,147.86,283.142,223.227,1.55,,112.549651534652000,4910931,,,,276.326,,843.66466486561000,,8.7
442,2012-11-01,219.952,,283.948,222.425,1.69,,113.094324836311000,4875389,,,,277.617,,1061.49231910273000,,8.4
443,2012-12-01,219.271,,284.564,221.838,1.80,,113.642436474737000,4895977,40.20%,172982.0,6.50%,277.973,,626.30096321247100,,9.1
444,2013-01-01,220.232,147.32,284.915,222.251,1.78,574315.285,114.142719057527000,4881367,,,,278.728,49675,932.46716014587500,9550.194,10.2
445,2013-02-01,221.651,,285.510,224.681,1.89,,114.731491975288000,4885965,,,,279.639,,874.96746776539000,,9.9
446,2013-03-01,221.087,,285.949,224.433,1.44,,115.080466514274000,4872348,40.10%,171462.0,6.20%,280.076,,920.15051369225400,,9.3
447,2013-04-01,221.263,148.83,286.696,224.522,1.11,,116.585024991339000,4870659,,,,280.914,,918.74128111252700,,8.8
448,2013-05-01,221.921,,287.189,225.645,1.77,,118.810471298310000,4917177,,,,280.708,,1112.11753122675000,,8.9
449,2013-06-01,222.163,,287.623,225.864,1.91,,119.861178475273000,5019996,39.50%,171696.0,5.50%,281.093,,935.92792938938500,,9.7
450,2013-07-01,223.374,150.63,288.758,225.375,2.02,,121.961000791066000,4995054,,,,281.765,,870.15697288417200,,9.3
451,2013-08-01,223.749,,289.443,225.525,2.04,,123.153406541417000,4929632,,,,281.904,,792.31863492430200,,9.1
452,2013-09-01,223.058,,290.396,225.161,1.92,,124.266965864582000,4894015,38.70%,170735.0,5.00%,283.050,,2254.38636579913000,,8.5
453,2013-10-01,222.978,152.21,290.843,224.422,1.91,,125.363981992145000,4866535,,,,283.141,,1140.72719118911000,,8.7
454,2013-11-01,223.443,,291.654,223.703,2.08,,126.008886968722000,4870642,,,,284.183,,1287.89060859860000,,8.2
455,2013-12-01,223.129,,292.702,222.960,2.02,,126.740884728549000,4857531,38.60%,170580.0,4.60%,285.236,,907.87718509339400,,8.1
456,2014-01-01,225.380,153.06,292.988,225.027,1.85,603435.981,126.583581266317000,4851208,,,,285.782,52697,1158.93580567492000,9560.430,8.7
457,2014-02-01,225.723,,292.801,226.217,1.93,,126.806570030106000,4883191,,,,285.210,,931.52026365151800,,8.8
458,2014-03-01,228.848,,292.974,228.784,2.29,,127.674330943332000,4896843,39.20%,170134.0,4.30%,284.756,,1343.05593828061000,,8.2
459,2014-04-01,230.403,156.51,292.959,229.848,2.68,,128.356791311927000,4843074,,,,284.754,,1486.06393587843000,,7.0
460,2014-05-01,229.203,,293.483,229.612,2.58,,128.240166254213000,4879959,,,,285.260,,1489.13445249162000,,7.0
461,2014-06-01,230.820,,294.042,230.477,2.38,,127.857812803343000,4963295,38.50%,168444.0,4.00%,285.702,,1515.94927285230000,,7.2
462,2014-07-01,231.734,158.69,294.758,229.633,2.07,,127.349267070354000,4970397,,,,285.784,,1618.94725460508000,,7.3
463,2014-08-01,231.602,,296.159,229.753,2.11,,127.496821138736000,4910093,,,,286.603,,937.54284108207000,,7.0
464,2014-09-01,231.219,,298.885,229.829,2.23,,127.736575864522000,4867235,38.30%,167560.0,3.80%,288.145,,1047.66639930125000,,6.3
465,2014-10-01,230.478,159.84,300.655,228.987,2.56,,128.056159437864000,4895319,,,,289.171,,1323.56392591807000,,6.2
466,2014-11-01,229.412,,301.479,227.184,2.40,,128.334500741178000,4876643,,,,289.805,,816.45005330870500,,6.1
467,2014-12-01,231.194,,301.381,226.262,2.42,,128.432992511786000,4847232,37.90%,167667.0,3.50%,289.997,,1819.50942790952000,,5.9
468,2015-01-01,231.396,161.28,301.829,225.852,2.03,632200.033,129.427671729032000,4849040,,,,290.716,55508,1063.24066071949000,9552.554,6.9
469,2015-02-01,231.163,,302.719,225.763,1.95,,130.303923830537000,4848009,,,,290.960,,1730.77896110793000,,6.5
470,2015-03-01,232.224,,303.496,227.405,2.32,,130.849063500557000,4843654,38.00%,167582.0,3.40%,291.752,,1164.61283906380000,,6.0
471,2015-04-01,232.153,163.27,303.791,227.704,2.72,,130.505171212913000,4850010,,,,291.986,,1371.96990351638000,,5.6
472,2015-05-01,231.959,,303.922,228.494,2.50,,130.149101226512000,4898417,,,,291.884,,1218.84176309991000,,5.9
473,2015-06-01,231.882,,305.505,228.837,2.32,,129.748848924588000,4966891,37.30%,166271.0,3.00%,292.567,,1528.80247806359000,,6.2
474,2015-07-01,232.275,164.61,306.063,228.588,2.11,,129.459526998764000,4959418,,,,293.019,,1184.27156708791000,,6.1
475,2015-08-01,232.650,,306.620,229.527,1.89,,129.325660542156000,4907186,,,,293.746,,1547.40503607666000,,5.8
476,2015-09-01,232.901,,307.585,228.826,1.93,,129.576352832992000,4846772,37.40%,166503.0,2.90%,294.816,,1076.55877645992000,,5.3
477,2015-10-01,232.524,165.72,308.449,228.600,1.85,,130.013163236237000,4882699,,,,295.350,,1127.27170941348000,,5.6
478,2015-11-01,232.702,,309.200,227.641,1.73,,130.913373924033000,4888869,,,,296.123,,2042.56659660580000,,5.6
479,2015-12-01,231.915,,309.939,226.271,1.89,,131.407688453100000,4900920,37.00%,166980.0,2.70%,297.120,,1348.44320083389000,,5.8
480,2016-01-01,234.312,166.53,310.212,227.977,1.80,641567.260,131.743937185387000,4904454,,,,297.807,56231,2325.14436158478000,9533.662,6.5
481,2016-02-01,235.109,,310.874,227.438,1.54,,132.052309099387000,4942535,,,,298.803,,1249.06967433959000,,6.4
482,2016-03-01,234.672,,310.717,227.778,1.55,,132.888515421967000,4957528,37.20%,167121.0,2.50%,298.599,,1909.98399862173000,,6.2
483,2016-04-01,234.650,169.09,311.114,229.197,1.83,,133.521282601814000,4932109,,,,298.911,,555.28889175941600,,5.8
484,2016-05-01,234.952,,311.695,229.247,1.22,,133.979724956772000,4922587,,,,299.775,,1396.16047795569000,,5.3
485,2016-06-01,236.478,,312.688,230.341,1.38,,133.816669674474000,5014776,36.70%,165313.0,2.20%,300.313,,982.84339027657500,,6.0
486,2016-07-01,236.119,171.12,313.464,228.454,1.88,,133.811708183344000,5001260,,,,301.197,,1939.78196892733000,,5.8
487,2016-08-01,236.599,,314.221,228.956,1.67,,133.541603882117000,4939306,,,,301.764,,1467.14599570937000,,5.7
488,2016-09-01,238.072,,314.519,230.282,1.64,,133.947538211966000,4893462,36.30%,164466.0,2.20%,302.298,,1788.67295621325000,,5.5
489,2016-10-01,237.836,172.65,315.028,230.506,1.76,,134.083212917683000,4896403,,,,302.627,,2748.67611565000000,,5.5
490,2016-11-01,238.965,,317.112,230.969,1.64,,135.416705509258000,4874176,,,,304.051,,1025.19668762616000,,5.0
491,2016-12-01,237.767,,317.296,230.476,1.34,,136.850119853267000,4860605,36.10%,164465.0,2.10%,304.582,,1228.05761146517000,,5.1
492,2017-01-01,240.097,173.81,317.668,232.155,1.84,658633.034,137.852990848070000,4861618,,,,304.947,58331,1346.11558175381000,9514.113,5.8
493,2017-02-01,240.382,,318.021,232.491,1.92,,138.150300625033000,4871887,,,,304.978,,1881.21140867345000,,5.4
494,2017-03-01,239.698,,318.071,232.225,1.70,,138.331680316040000,4874383,36.40%,164638.0,2.00%,305.444,,1204.56443069423000,,4.7
495,2017-04-01,240.022,177.03,319.569,233.066,1.37,,138.204074386362000,4855628,,,,306.145,,2152.99591223545000,,4.5
496,2017-05-01,241.575,,320.162,233.443,1.43,,138.150359445966000,4865472,,,,306.420,,1107.81803986295000,,4.4
497,2017-06-01,243.536,,320.744,233.407,1.43,,138.125941397909000,4963193,36.30%,164674.0,1.80%,306.589,,3243.95408210127000,,5.1
498,2017-07-01,241.360,179.63,321.965,233.514,1.44,,138.347211356128000,4966437,,,,307.155,,1072.79799388531000,,5.1
499,2017-08-01,241.825,,322.751,234.200,1.56,,138.546276415834000,4921676,,,,307.579,,1738.36414151858000,,5.3
500,2017-09-01,242.995,,324.447,235.177,1.79,,139.001793452763000,4893253,35.80%,164838.0,1.80%,309.050,,1753.66910244657000,,4.6
501,2017-10-01,240.383,180.45,325.122,234.159,1.75,,139.375383473944000,4876276,,,,309.658,,1706.82306724247000,,4.5
502,2017-11-01,243.512,,326.010,235.206,1.89,,140.042768575537000,4878370,,,,310.528,,1360.52457537273000,,4.4
503,2017-12-01,242.827,,327.048,234.293,1.94,,140.240721775575000,4851265,35.50%,164821.0,1.80%,311.093,,1802.78873394379000,,4.4
504,2018-01-01,244.800,182.34,327.885,236.267,1.96,691288.417,141.063546739677000,4828314,,,,312.532,61642,1273.74867889574000,9484.158,5.0
505,2018-02-01,245.310,,328.097,236.306,1.99,,141.469332507364000,4874279,,,,313.735,,1121.07731797560000,,4.8
506,2018-03-01,245.805,,328.539,236.388,1.85,,141.786227290933000,4860302,36.00%,164448.0,1.70%,314.822,,1459.71223743718000,,4.1
507,2018-04-01,246.937,185.33,329.294,237.940,1.21,,141.763468009323000,4830358,,,,316.604,,1257.34957581690000,,3.7
508,2018-05-01,248.217,,329.299,238.910,1.49,,141.847599733838000,4839250,,,,317.477,,2069.58818677933000,,3.5
509,2018-06-01,248.791,,329.996,238.540,1.61,,141.817358730016000,4946105,35.80%,164034.0,1.50%,318.995,,1749.27769508059000,,4.5
510,2018-07-01,247.757,187.02,330.920,237.870,1.62,,141.861184713799000,4946224,,,,319.277,,1220.14165507320000,,4.3
511,2018-08-01,247.963,,331.771,238.098,1.51,,142.383145749053000,4868735,,,,319.919,,1591.73770669999000,,4.1
512,2018-09-01,248.967,,332.746,238.957,1.35,,143.084705754383000,4836973,35.80%,165003.0,1.40%,320.777,,1519.44971461384000,,3.7
513,2018-10-01,248.747,,333.905,238.892,1.35,,143.920804331396000,4865563,,,,321.659,,1560.81884481360000,,3.9
514,2018-11-01,249.225,,335.604,237.511,1.44,,144.291680968882000,4865169,,,,322.748,,1859.48733466820000,,3.6
515,2018-12-01,250.166,,336.495,236.796,1.34,,144.192156046649000,4859838,35.40%,165237.0,1.40%,324.089,,1087.17239937681000,,4.0
516,2019-01-01,251.759,,337.168,238.218,1.33,709160.008,144.104591491667000,4854507,,,,325.159,63500,1555.45450523693000,9458.539,4.9
517,2019-02-01,251.967,,337.025,239.669,1.22,,144.268701474954000,4869718,,,,325.373,,1487.34549914451000,,4.5
518,2019-03-01,251.639,,338.592,240.019,1.10,,143.900546110221000,4874596,35.70%,165033.0,1.30%,326.161,,992.46143379467400,,4.2
519,2019-04-01,252.323,,339.272,239.726,1.21,,144.165744087810000,4831430,,,,326.744,,1894.77322097856000,,3.6
520,2019-05-01,253.550,,341.088,241.758,1.20,,144.124959227898000,4828532,,,,328.744,,1669.08973601162000,,3.4
521,2019-06-01,253.584,,341.818,240.835,1.19,,144.387888507399000,4930924,35.60%,164162.0,1.20%,329.159,,1387.28693084520000,,4.1
522,2019-07-01,253.640,,341.101,241.589,1.05,,144.432184016931000,4935559,,,,329.281,,1758.70631801788000,,4.1
523,2019-08-01,254.162,,341.859,241.985,0.96,,144.422442936093000,4880816,,,,330.093,,1365.84692448798000,,3.8
524,2019-09-01,254.878,,342.622,242.393,0.74,,143.719229055275000,4836999,35.50%,163797.0,1.30%,331.038,,1037.05447679463000,,3.3
525,2019-10-01,254.575,,342.926,243.236,0.58,,144.269699221336000,4845658,,,,331.363,,1130.35058268637000,,3.3
526,2019-11-01,254.463,,343.813,242.661,0.22,,144.419652648232000,4830451,,,,331.919,,1480.61636874942000,,3.2
527,2019-12-01,254.717,,345.458,242.079,0.51,,145.127951932970000,4806250,35.50%,163711.0,1.30%,333.408,,1941.84612200396000,,3.2
528,2020-01-01,256.661,,346.449,244.361,,,144.502990918611000,4766606,,,,334.705,,1629.85746454315000,,3.8
529,2020-02-01,257.240,,347.141,244.407,,,145.006754025576000,4802144,,,,335.642,,1458.50292122318000,,3.6
530,2020-03-01,256.879,,347.474,242.655,,,145.817373425940000,4820085,,,,336.407,,1797.68838428347000,,4.5
531,2020-04-01,255.767,,347.314,240.364,,,146.004515521144000,4668836,,,,336.343,,653.43997211908900,,17.3
532,2020-05-01,258.551,,348.344,242.650,,,145.977059847398000,4806063,,,,338.070,,907.44134629139700,,15.3
533,2020-06-01,258.871,,349.214,243.475,,,145.265519176574000,5012431,,,,338.897,,1140.19397820735000,,15.5
534,2020-07-01,258.864,,350.090,244.046,,,146.365134586038000,4804616,,,,339.121,,1412.92507586556000,,12.1
535,2020-08-01,259.549,,350.673,244.341,,,148.155264784975000,4747494,,,,340.744,,1030.56826565647000,,11.8
536,2020-09-01,259.955,,351.302,245.745,,,150.444239875300000,4770551,,,,341.200,,1451.39847464296000,,10.8
537,2020-10-01,259.397,,352.532,245.584,,,,4646119,,,,341.384,,1311.59952685067000,,7.2
538,2020-11-01,259.836,,353.426,244.610,,,,,,,,341.471,,1077.91440782808000,,
