,Date,Consumer Price Index for All Urban Consumers: Rent(CBSA),All-Transactions House Price Index(MSAD),New Private Housing Units Authorized by Building Permits: 1-Unit Structures(MSA),Consumer Price Index for All Urban Consumers: housing(CBSA),Consumer Price Index for All Urban Consumers: All items(CBSA),Economic Conditions Index(MSA),"Total Gross Domestic Product for Dallas,Millions of Dollars(MSA)",S&P/Case-Shiller TX-Dallas Home Price Index,Mortgage debt-percent with debt,Median debt(inflation adjusted),Percent with Severely Delinquent Debt,Consumer Price Index for All Urban Consumers: Owners Equivalent Rent(CBSA),"Civilian Labor Force in Dallas,persons(MSA)","Per Capita Personal Income,persons,Dollars, Annual(MSA)","Resident Population, Thousands of Persons, Annual(MSA)","Unemployment Rate, percent(MSA)"
0,1963-11-01,40.200,,,,29.500,,,,,,,,,,,
1,1963-12-01,,,,,,,,,,,,,,,,
2,1964-01-01,,,,,,,,,,,,,,,,
3,1964-02-01,40.300,,,,29.400,,,,,,,,,,,
4,1964-03-01,,,,,,,,,,,,,,,,
5,1964-04-01,,,,,,,,,,,,,,,,
6,1964-05-01,40.300,,,,29.600,,,,,,,,,,,
7,1964-06-01,,,,,,,,,,,,,,,,
8,1964-07-01,,,,,,,,,,,,,,,,
9,1964-08-01,40.200,,,,29.500,,,,,,,,,,,
10,1964-09-01,,,,,,,,,,,,,,,,
11,1964-10-01,,,,,,,,,,,,,,,,
12,1964-11-01,40.300,,,,29.700,,,,,,,,,,,
13,1964-12-01,,,,,,,,,,,,,,,,
14,1965-01-01,,,,,,,,,,,,,,,,
15,1965-02-01,40.300,,,,29.500,,,,,,,,,,,
16,1965-03-01,,,,,,,,,,,,,,,,
17,1965-04-01,,,,,,,,,,,,,,,,
18,1965-05-01,40.300,,,,29.800,,,,,,,,,,,
19,1965-06-01,,,,,,,,,,,,,,,,
20,1965-07-01,,,,,,,,,,,,,,,,
21,1965-08-01,39.900,,,,30.000,,,,,,,,,,,
22,1965-09-01,,,,,,,,,,,,,,,,
23,1965-10-01,,,,,,,,,,,,,,,,
24,1965-11-01,40.000,,,,30.300,,,,,,,,,,,
25,1965-12-01,,,,,,,,,,,,,,,,
26,1966-01-01,,,,,,,,,,,,,,,,
27,1966-02-01,40.100,,,,30.500,,,,,,,,,,,
28,1966-03-01,,,,,,,,,,,,,,,,
29,1966-04-01,,,,,,,,,,,,,,,,
30,1966-05-01,40.000,,,,30.900,,,,,,,,,,,
31,1966-06-01,,,,,,,,,,,,,,,,
32,1966-07-01,,,,,,,,,,,,,,,,
33,1966-08-01,40.300,,,,31.100,,,,,,,,,,,
34,1966-09-01,,,,,,,,,,,,,,,,
35,1966-10-01,,,,,,,,,,,,,,,,
36,1966-11-01,40.200,,,,31.400,,,,,,,,,,,
37,1966-12-01,,,,,,,,,,,,,,,,
38,1967-01-01,,,,,,,,,,,,,,,,
39,1967-02-01,40.500,,,,31.600,,,,,,,,,,,
40,1967-03-01,,,,,,,,,,,,,,,,
41,1967-04-01,,,,,,,,,,,,,,,,
42,1967-05-01,40.600,,,,31.700,,,,,,,,,,,
43,1967-06-01,,,,,,,,,,,,,,,,
44,1967-07-01,,,,,,,,,,,,,,,,
45,1967-08-01,40.800,,,,32.100,,,,,,,,,,,
46,1967-09-01,,,,,,,,,,,,,,,,
47,1967-10-01,,,,,,,,,,,,,,,,
48,1967-11-01,41.100,,,,32.200,,,,,,,,,,,
49,1967-12-01,,,,,,,,,,,,,,,,
50,1968-01-01,,,,,,,,,,,,,,,,
51,1968-02-01,41.400,,,,32.500,,,,,,,,,,,
52,1968-03-01,,,,,,,,,,,,,,,,
53,1968-04-01,,,,,,,,,,,,,,,,
54,1968-05-01,41.600,,,,33.200,,,,,,,,,,,
55,1968-06-01,,,,,,,,,,,,,,,,
56,1968-07-01,,,,,,,,,,,,,,,,
57,1968-08-01,42.000,,,,33.500,,,,,,,,,,,
58,1968-09-01,,,,,,,,,,,,,,,,
59,1968-10-01,,,,,,,,,,,,,,,,
60,1968-11-01,42.300,,,,34.000,,,,,,,,,,,
61,1968-12-01,,,,,,,,,,,,,,,,
62,1969-01-01,,,,,,,,,,,,,,4164,,
63,1969-02-01,42.500,,,,34.400,,,,,,,,,,,
64,1969-03-01,,,,,,,,,,,,,,,,
65,1969-04-01,,,,,,,,,,,,,,,,
66,1969-05-01,43.000,,,,35.200,,,,,,,,,,,
67,1969-06-01,,,,,,,,,,,,,,,,
68,1969-07-01,,,,,,,,,,,,,,,,
69,1969-08-01,43.400,,,,35.700,,,,,,,,,,,
70,1969-09-01,,,,,,,,,,,,,,,,
71,1969-10-01,,,,,,,,,,,,,,,,
72,1969-11-01,43.900,,,,36.500,,,,,,,,,,,
73,1969-12-01,,,,,,,,,,,,,,,,
74,1970-01-01,,,,,,,,,,,,,,4335,,
75,1970-02-01,44.500,,,,37.000,,,,,,,,,,,
76,1970-03-01,,,,,,,,,,,,,,,,
77,1970-04-01,,,,,,,,,,,,,,,,
78,1970-05-01,44.800,,,,37.500,,,,,,,,,,,
79,1970-06-01,,,,,,,,,,,,,,,,
80,1970-07-01,,,,,,,,,,,,,,,,
81,1970-08-01,45.000,,,,37.800,,,,,,,,,,,
82,1970-09-01,,,,,,,,,,,,,,,,
83,1970-10-01,,,,,,,,,,,,,,,,
84,1970-11-01,45.300,,,,37.900,,,,,,,,,,,
85,1970-12-01,,,,,,,,,,,,,,,,
86,1971-01-01,,,,,,,,,,,,,,4552,,
87,1971-02-01,45.400,,,,38.200,,,,,,,,,,,
88,1971-03-01,,,,,,,,,,,,,,,,
89,1971-04-01,,,,,,,,,,,,,,,,
90,1971-05-01,45.500,,,,38.400,,,,,,,,,,,
91,1971-06-01,,,,,,,,,,,,,,,,
92,1971-07-01,,,,,,,,,,,,,,,,
93,1971-08-01,45.500,,,,39.100,,,,,,,,,,,
94,1971-09-01,,,,,,,,,,,,,,,,
95,1971-10-01,,,,,,,,,,,,,,,,
96,1971-11-01,45.400,,,,39.000,,,,,,,,,,,
97,1971-12-01,,,,,,,,,,,,,,,,
98,1972-01-01,,,,,,,,,,,,,,5012,,
99,1972-02-01,45.500,,,,39.400,,,,,,,,,,,
100,1972-03-01,,,,,,,,,,,,,,,,
101,1972-04-01,,,,,,,,,,,,,,,,
102,1972-05-01,45.500,,,,39.700,,,,,,,,,,,
103,1972-06-01,,,,,,,,,,,,,,,,
104,1972-07-01,,,,,,,,,,,,,,,,
105,1972-08-01,45.500,,,,40.000,,,,,,,,,,,
106,1972-09-01,,,,,,,,,,,,,,,,
107,1972-10-01,,,,,,,,,,,,,,,,
108,1972-11-01,45.700,,,,40.100,,,,,,,,,,,
109,1972-12-01,,,,,,,,,,,,,,,,
110,1973-01-01,,,,,,,,,,,,,,5501,,
111,1973-02-01,45.800,,,,40.700,,,,,,,,,,,
112,1973-03-01,,,,,,,,,,,,,,,,
113,1973-04-01,,,,,,,,,,,,,,,,
114,1973-05-01,46.000,,,,41.600,,,,,,,,,,,
115,1973-06-01,,,,,,,,,,,,,,,,
116,1973-07-01,,,,,,,,,,,,,,,,
117,1973-08-01,46.300,,,,42.600,,,,,,,,,,,
118,1973-09-01,,,,,,,,,,,,,,,,
119,1973-10-01,,,,,,,,,,,,,,,,
120,1973-11-01,46.700,,,,43.200,,,,,,,,,,,
121,1973-12-01,,,,,,,,,,,,,,,,
122,1974-01-01,,,,,,,,,,,,,,6056,,
123,1974-02-01,47.100,,,,44.500,,,,,,,,,,,
124,1974-03-01,,,,,,,,,,,,,,,,
125,1974-04-01,,,,,,,,,,,,,,,,
126,1974-05-01,47.400,,,,45.600,,,,,,,,,,,
127,1974-06-01,,,,,,,,,,,,,,,,
128,1974-07-01,,,,,,,,,,,,,,,,
129,1974-08-01,47.700,,,,47.000,,,,,,,,,,,
130,1974-09-01,,,,,,,,,,,,,,,,
131,1974-10-01,,,,,,,,,,,,,,,,
132,1974-11-01,48.300,,,,48.200,,,,,,,,,,,
133,1974-12-01,,,,,,,,,,,,,,,,
134,1975-01-01,,,,,,,,,,,,,,6634,,
135,1975-02-01,48.800,,,,49.100,,,,,,,,,,,
136,1975-03-01,,,,,,,,,,,,,,,,
137,1975-04-01,,,,,,,,,,,,,,,,
138,1975-05-01,49.400,,,,49.700,,,,,,,,,,,
139,1975-06-01,,,,,,,,,,,,,,,,
140,1975-07-01,,,,,,,,,,,,,,,,
141,1975-08-01,50.000,,,,51.200,,,,,,,,,,,
142,1975-09-01,,,,,,,,,,,,,,,,
143,1975-10-01,,40.95,,,,,,,,,,,,,,
144,1975-11-01,50.800,,,46.000,51.800,,,,,,,,,,,
145,1975-12-01,,,,,,,,,,,,,,,,
146,1976-01-01,,39.76,,,,,,,,,,,,7220,,
147,1976-02-01,51.500,,,47.000,52.200,,,,,,,,,,,
148,1976-03-01,,,,,,,,,,,,,,,,
149,1976-04-01,,45.51,,,,,,,,,,,,,,
150,1976-05-01,52.200,,,47.700,53.000,,,,,,,,,,,
151,1976-06-01,,,,,,,,,,,,,,,,
152,1976-07-01,,42.45,,,,,,,,,,,,,,
153,1976-08-01,53.000,,,48.400,53.900,,,,,,,,,,,
154,1976-09-01,,,,,,,,,,,,,,,,
155,1976-10-01,,42.15,,,,,,,,,,,,,,
156,1976-11-01,53.800,,,49.400,54.700,,,,,,,,,,,
157,1976-12-01,,,,,,,,,,,,,,,,
158,1977-01-01,,44.93,,,,,,,,,,,,7928,,
159,1977-02-01,55.200,,,50.000,55.900,,,,,,,,,,,
160,1977-03-01,,,,,,,,,,,,,,,,
161,1977-04-01,,51.58,,,,,,,,,,,,,,
162,1977-05-01,56.600,,,51.400,57.200,,,,,,,,,,,
163,1977-06-01,,,,,,,,,,,,,,,,
164,1977-07-01,,47.10,,,,,,,,,,,,,,
165,1977-08-01,57.800,,,52.400,58.100,,,,,,,,,,,
166,1977-09-01,,,,,,,,,,,,,,,,
167,1977-10-01,,49.41,,,,,,,,,,,,,,
168,1977-11-01,59.100,,,53.000,58.600,,,,,,,,,,,
169,1977-12-01,,,,,,,,,,,,,,,,
170,1978-01-01,,51.86,,,,,,,,,,,,8995,,
171,1978-02-01,60.600,,,54.300,59.500,,,,,,,,,,,
172,1978-03-01,,,,,,,,,,,,,,,,
173,1978-04-01,61.800,56.72,,55.300,60.300,,,,,,,,,,,
174,1978-05-01,,,,,,,,,,,,,,,,
175,1978-06-01,62.600,,,56.700,61.700,,,,,,,,,,,
176,1978-07-01,,58.08,,,,,,,,,,,,,,
177,1978-08-01,64.300,,,58.200,62.900,,,,,,,,,,,
178,1978-09-01,,,,,,,,,,,,,,,,
179,1978-10-01,66.000,60.14,,59.000,63.700,,,,,,,,,,,
180,1978-11-01,,,,,,,,,,,,,,,,
181,1978-12-01,66.600,,,58.900,64.300,,,,,,,,,,,
182,1979-01-01,,62.15,,,,,,,,,,,,10137,,
183,1979-02-01,68.400,,,60.400,65.600,,,,,,,,,,,
184,1979-03-01,,,,,,,,,,,,,,,,
185,1979-04-01,69.300,67.80,,62.000,67.300,,,,,,,,,,,
186,1979-05-01,,,,,,,,,,,,,,,,
187,1979-06-01,69.800,,,64.800,69.300,,,,,,,,,,,
188,1979-07-01,,69.24,,,,,,,,,,,,,,
189,1979-08-01,70.800,,,66.900,71.100,,,,,,,,,,,
190,1979-09-01,,,,,,,,,,,,,,,,
191,1979-10-01,72.200,71.91,,69.300,72.700,,,,,,,,,,,
192,1979-11-01,,,,,,,,,,,,,,,,
193,1979-12-01,73.200,,,71.300,74.600,,,,,,,,,,,
194,1980-01-01,,74.79,,,,,,,,,,,,11352,,
195,1980-02-01,75.000,,,73.600,77.000,,,,,,,,,,,
196,1980-03-01,,,,,,,,,,,,,,,,
197,1980-04-01,76.000,75.99,,77.700,80.100,,,,,,,,,,,
198,1980-05-01,,,,,,,,,,,,,,,,
199,1980-06-01,76.900,,,80.200,81.700,,,,,,,,,,,
200,1980-07-01,,78.26,,,,,,,,,,,,,,
201,1980-08-01,78.200,,,80.100,82.400,,,,,,,,,,,
202,1980-09-01,,,,,,,,,,,,,,,,
203,1980-10-01,78.600,79.78,,82.700,84.400,,,,,,,,,,,
204,1980-11-01,,,,,,,,,,,,,,,,
205,1980-12-01,86.000,,,85.000,85.900,,,,,,,,,,,
206,1981-01-01,,81.84,,,,,,,,,,,,12742,,
207,1981-02-01,83.500,,,86.100,87.500,,,,,,,,,,,
208,1981-03-01,,,,,,,,,,,,,,,,
209,1981-04-01,85.400,83.57,,87.600,89.100,,,,,,,,,,,
210,1981-05-01,,,,,,,,,,,,,,,,
211,1981-06-01,84.700,,,90.800,91.200,,,,,,,,,,,
212,1981-07-01,,84.87,,,,,,,,,,,,,,
213,1981-08-01,86.400,,,91.000,91.900,,,,,,,,,,,
214,1981-09-01,,,,,,,,,,,,,,,,
215,1981-10-01,86.800,78.15,,92.900,93.200,,,,,,,,,,,
216,1981-11-01,,,,,,,,,,,,,,,,
217,1981-12-01,90.400,,,94.500,94.100,,,,,,,,,,,
218,1982-01-01,,87.51,,,,,,,,,,,,13690,,
219,1982-02-01,90.100,,,92.500,93.600,,,,,,,,,,,
220,1982-03-01,,,,,,,,,,,,,,,,
221,1982-04-01,90.200,82.16,,95.900,94.700,,,,,,,,,,,
222,1982-05-01,,,,,,,,,,,,,,,,
223,1982-06-01,91.800,,,98.500,97.200,,,,,,,,,,,
224,1982-07-01,,85.29,,,,,,,,,,,,,,
225,1982-08-01,93.900,,,97.400,97.000,,,,,,,,,,,
226,1982-09-01,,,,,,,,,,,,,,,,
227,1982-10-01,98.100,87.54,,98.400,97.800,,,,,,,,,,,
228,1982-11-01,,,,,,,,,,,,,,,,
229,1982-12-01,96.500,,,95.800,96.700,,,,,,,,,,,
230,1983-01-01,,91.41,,,,,,,,,,,,14684,,
231,1983-02-01,97.800,,,96.700,97.100,,,,,,,,,,,
232,1983-03-01,,,,,,,,,,,,,,,,
233,1983-04-01,101.000,93.15,,97.900,98.400,,,,,,,,,,,
234,1983-05-01,,,,,,,,,,,,,,,,
235,1983-06-01,102.200,,,101.300,100.100,,,,,,,,,,,
236,1983-07-01,,94.66,,,,,,,,,,,,,,
237,1983-08-01,101.500,,,101.000,100.700,,,,,,,,,,,
238,1983-09-01,,,,,,,,,,,,,,,,
239,1983-10-01,102.000,97.07,,101.300,101.500,,,,,,,,,,,
240,1983-11-01,,,,,,,,,,,,,,,,
241,1983-12-01,102.700,,,100.700,101.200,,,,,,,,,,,
242,1984-01-01,,97.53,,,,,,,,,,108.800,,16174,,
243,1984-02-01,104.700,,,103.000,102.900,,,,,,,,,,,
244,1984-03-01,,,,,,,,,,,,,,,,
245,1984-04-01,105.300,99.36,,102.800,103.300,,,,,,,,,,,
246,1984-05-01,,,,,,,,,,,,,,,,
247,1984-06-01,105.300,,,104.000,103.800,,,,,,,,,,,
248,1984-07-01,,101.72,,,,,,,,,,,,,,
249,1984-08-01,106.900,,,105.300,105.100,,,,,,,,,,,
250,1984-09-01,,,,,,,,,,,,,,,,
251,1984-10-01,107.500,101.98,,106.300,106.400,,,,,,,,,,,
252,1984-11-01,,,,,,,,,,,,,,,,
253,1984-12-01,106.700,,,103.400,105.400,,,,,,,,,,,
254,1985-01-01,,102.58,,,,,,,,,,113.800,,17263,,
255,1985-02-01,108.900,,,105.000,106.200,,,,,,,,,,,
256,1985-03-01,,,,,,,,,,,,,,,,
257,1985-04-01,107.500,104.79,,105.600,107.000,,,,,,,,,,,
258,1985-05-01,,,,,,,,,,,,,,,,
259,1985-06-01,110.000,,,107.900,108.300,,,,,,,,,,,
260,1985-07-01,,105.90,,,,,,,,,,,,,,
261,1985-08-01,111.900,,,110.000,109.500,,,,,,,,,,,
262,1985-09-01,,,,,,,,,,,,,,,,
263,1985-10-01,112.600,106.25,,109.100,109.600,,,,,,,,,,,
264,1985-11-01,,,,,,,,,,,,,,,,
265,1985-12-01,112.500,,,107.700,109.800,,,,,,,,,,,
266,1986-01-01,,106.65,,,,,,,,,,118.700,,17601,,
267,1986-02-01,114.400,,,109.700,110.600,,,,,,,,,,,
268,1986-03-01,,,,,,,,,,,,,,,,
269,1986-04-01,114.700,109.11,,109.800,108.800,,,,,,,,,,,
270,1986-05-01,,,,,,,,,,,,,,,,
271,1986-06-01,114.400,,,111.300,109.900,,,,,,,,,,,
272,1986-07-01,,108.06,,,,,,,,,,,,,,
273,1986-08-01,113.900,,,111.600,110.400,,,,,,,,,,,
274,1986-09-01,,,,,,,,,,,,,,,,
275,1986-10-01,113.500,107.49,,110.000,110.300,,,,,,,,,,,
276,1986-11-01,,,,,,,,,,,,,,,,
277,1986-12-01,114.300,,,107.100,109.300,,,,,,,,,,,
278,1987-01-01,113.800,107.08,,,,,,,,,,119.100,,17823,,
279,1987-02-01,113.100,,,108.000,110.900,,,,,,,,,,,
280,1987-03-01,113.000,,,,,,,,,,,,,,,
281,1987-04-01,112.900,102.91,,109.100,112.200,,,,,,,,,,,
282,1987-05-01,112.200,,,,,,,,,,,,,,,
283,1987-06-01,111.100,,,109.700,112.900,,,,,,,,,,,
284,1987-07-01,112.800,102.10,,,,,,,,,,,,,,
285,1987-08-01,112.300,,,110.500,113.500,,,,,,,,,,,
286,1987-09-01,115.000,,,,,,,,,,,,,,,
287,1987-10-01,114.100,99.14,,111.400,114.900,,,,,,,,,,,
288,1987-11-01,112.900,,,,,,,,,,,,,,,
289,1987-12-01,111.300,,,108.900,113.900,,,,,,,,,,,
290,1988-01-01,110.900,98.74,1091.9019740828400,,,,,,,,,118.200,,18629,,
291,1988-02-01,109.800,,1273.3936193459900,107.900,114.000,,,,,,,,,,,
292,1988-03-01,111.200,,1205.9031546729400,,,,,,,,,,,,,
293,1988-04-01,111.600,98.42,1199.8341269623500,109.200,115.400,,,,,,,,,,,
294,1988-05-01,111.400,,1140.4768326710800,,,,,,,,,,,,,
295,1988-06-01,109.600,,1190.7813815612300,109.400,115.600,,,,,,,,,,,
296,1988-07-01,110.500,95.86,985.8429178594690,,,,,,,,,,,,,
297,1988-08-01,110.200,,1087.7016713244100,111.900,117.200,,,,,,,,,,,
298,1988-09-01,108.300,,1227.9125214662300,,,,,,,,,,,,,
299,1988-10-01,109.400,94.33,1016.2846613247800,111.200,117.900,,,,,,,,,,,
300,1988-11-01,109.900,,1175.4927635224700,,,,,,,,,,,,,
301,1988-12-01,110.100,,1398.0233616019000,109.200,117.200,,,,,,,,,,,
302,1989-01-01,109.300,93.57,1232.6598842543500,,,,,,,,,120.400,,19561,,
303,1989-02-01,108.600,,1093.9014950673100,110.300,117.500,,,,,,,,,,,
304,1989-03-01,109.900,,1171.5173252506700,,,,,,,,,,,,,
305,1989-04-01,109.900,93.91,1163.4253470677600,109.700,118.700,,,,,,,,,,,
306,1989-05-01,110.600,,1071.1413712248200,,,,,,,,,,,,,
307,1989-06-01,110.000,,1073.3461497993200,112.400,120.000,,,,,,,,,,,
308,1989-07-01,109.000,95.58,1136.0956886945400,,,,,,,,,,,,,
309,1989-08-01,109.900,,1190.9134627679000,112.900,120.000,,,,,,,,,,,
310,1989-09-01,109.800,,1113.3169310292200,,,,,,,,,,,,,
311,1989-10-01,110.900,95.05,1145.7897459161000,113.700,121.400,,,,,,,,,,,
312,1989-11-01,110.900,,1230.5192671478200,,,,,,,,,,,,,
313,1989-12-01,111.100,,1138.3894225953700,111.200,120.500,,,,,,,,,,,
314,1990-01-01,111.200,94.37,1369.2998760208300,,,,,,,,,123.900,2256128,20667,,4.9
315,1990-02-01,112.500,,1138.0245447284600,111.600,122.200,1.33,,,,,,,2272656,,,5.2
316,1990-03-01,112.300,,1181.3008311635100,,,1.68,,,,,,,2276608,,,4.7
317,1990-04-01,112.500,94.95,1115.5071309130000,112.200,122.900,1.64,,,,,,,2281472,,,4.8
318,1990-05-01,112.200,,1252.6706310703600,,,2.32,,,,,,,2295931,,,5.2
319,1990-06-01,113.300,,1281.6264574353000,114.000,123.800,3.31,,,,,,,2329879,,,5.5
320,1990-07-01,114.200,95.14,1183.4031527462600,,,3.50,,,,,,,2340188,,,5.4
321,1990-08-01,113.400,,1248.8113025254000,116.100,126.000,3.57,,,,,,,2322305,,,5.1
322,1990-09-01,115.100,,1130.0685861248900,,,2.74,,,,,,,2310682,,,5.3
323,1990-10-01,116.300,94.42,1167.7838900554400,118.300,129.500,2.28,,,,,,,2310853,,,4.9
324,1990-11-01,116.500,,1107.6178103940800,,,1.79,,,,,,,2315571,,,5.4
325,1990-12-01,116.800,,1031.4732943081400,114.800,128.400,1.33,,,,,,,2313064,,,5.1
326,1991-01-01,116.900,95.62,1034.8805668104600,,,0.48,,,,,,128.500,2278592,20911,,5.5
327,1991-02-01,118.300,,1196.3291028771900,116.800,129.400,-0.11,,,,,,,2288671,,,6.1
328,1991-03-01,117.200,,1105.5076531915500,,,-0.12,,,,,,,2298330,,,6.2
329,1991-04-01,118.300,96.18,1297.5803858531300,117.100,129.500,-0.25,,,,,,,2318639,,,6.0
330,1991-05-01,118.100,,1403.1551917175400,,,0.35,,,,,,,2320075,,,6.4
331,1991-06-01,118.500,,1151.6254949658900,117.800,130.100,0.63,,,,,,,2362277,,,6.9
332,1991-07-01,119.500,95.53,1484.7903599870300,,,0.90,,,,,,,2372401,,,6.6
333,1991-08-01,118.800,,1303.6575943516100,119.100,131.100,1.20,,,,,,,2344359,,,6.5
334,1991-09-01,119.800,,1268.0025721691600,,,1.22,,,,,,,2344878,,,6.5
335,1991-10-01,119.800,97.19,1476.8990107800700,121.900,133.600,1.15,,,,,,,2345207,,,6.5
336,1991-11-01,120.300,,1342.7059807642400,,,1.25,,,,,,,2341357,,,6.5
337,1991-12-01,120.500,,1339.1747997487200,120.300,132.000,1.17,,,,,,,2335248,,,6.4
338,1992-01-01,121.100,98.43,1647.7859278581400,,,1.48,,,,,,130.900,2328675,22021,,7.2
339,1992-02-01,120.700,,1837.1179227066500,118.400,132.400,1.69,,,,,,,2328271,,,7.2
340,1992-03-01,120.400,,1616.0321245685300,,,1.98,,,,,,,2337601,,,6.9
341,1992-04-01,120.100,97.51,1542.0638363184600,119.000,132.500,2.58,,,,,,,2352227,,,6.8
342,1992-05-01,120.300,,1451.6135817632100,,,2.55,,,,,,,2360589,,,6.9
343,1992-06-01,121.100,,1515.5674795482900,123.900,134.200,2.25,,,,,,,2402076,,,7.6
344,1992-07-01,121.100,99.13,1663.7584827552700,,,2.80,,,,,,,2411371,,,7.1
345,1992-08-01,122.500,,1597.7239698047400,124.900,134.400,2.69,,,,,,,2394638,,,6.9
346,1992-09-01,121.400,,1843.7974892177900,,,3.25,,,,,,,2378879,,,6.9
347,1992-10-01,121.400,99.24,1795.1427082932800,123.200,136.100,4.00,,,,,,,2374011,,,6.5
348,1992-11-01,121.500,,1669.3877963763300,,,3.70,,,,,,,2383375,,,6.8
349,1992-12-01,122.700,,1766.0100646762800,121.700,134.600,4.23,,,,,,,2378185,,,6.3
350,1993-01-01,122.900,99.08,1622.8091065110800,,,4.81,,,,,,132.900,2361858,22888,,7.1
351,1993-02-01,123.400,,1579.5751204963600,123.900,135.400,4.77,,,,,,,2366645,,,6.7
352,1993-03-01,122.800,,1702.7556907972100,,,4.28,,,,,,,2371356,,,6.3
353,1993-04-01,123.500,99.92,1765.5824752195600,123.700,137.000,3.88,,,,,,,2367699,,,6.0
354,1993-05-01,123.000,,1723.8486074974800,,,4.19,,,,,,,2387253,,,6.1
355,1993-06-01,123.400,,1789.7754598640900,123.600,136.200,4.74,,,,,,,2431011,,,6.5
356,1993-07-01,123.500,100.48,1778.2683770751000,,,4.98,,,,,,,2439624,,,6.1
357,1993-08-01,124.200,,1755.0150183861600,127.600,138.100,4.55,,,,,,,2435707,,,6.1
358,1993-09-01,124.700,,1989.9489949139800,,,4.62,,,,,,,2410478,,,5.9
359,1993-10-01,124.600,101.19,1845.6235265150600,128.100,139.600,4.45,,,,,,,2420683,,,5.8
360,1993-11-01,125.100,,2044.1080220202200,,,4.23,,,,,,,2432226,,,5.7
361,1993-12-01,126.200,,2077.1198180026300,126.100,138.800,4.31,,,,,,,2426968,,,5.3
362,1994-01-01,126.000,101.40,1948.2463997228900,,,4.26,,,,,,136.900,2423824,23841,,6.1
363,1994-02-01,126.400,,2121.1376113704500,126.600,139.200,4.02,,,,,,,2430820,,,6.0
364,1994-03-01,127.300,,2062.5607205348100,,,4.60,,,,,,,2432831,,,5.8
365,1994-04-01,128.300,100.81,1903.6411672695900,128.500,140.300,4.95,,,,,,,2438870,,,5.5
366,1994-05-01,127.800,,1899.9758856715400,,,5.15,,,,,,,2454814,,,5.2
367,1994-06-01,128.200,,1883.7525120210400,129.500,141.400,5.44,,,,,,,2487985,,,5.8
368,1994-07-01,128.500,100.50,1570.7284777012100,,,5.70,,,,,,,2500373,,,5.6
369,1994-08-01,129.500,,1920.3769304958700,130.100,142.200,5.70,,,,,,,2494395,,,5.3
370,1994-09-01,130.300,,1655.1594868430100,,,5.52,,,,,,,2481154,,,5.1
371,1994-10-01,129.600,100.06,1621.0886190486600,131.000,142.800,5.40,,,,,,,2489027,,,4.8
372,1994-11-01,130.200,,1765.6782534055200,,,5.36,,,,,,,2494791,,,4.8
373,1994-12-01,131.500,,1813.1229172303100,128.900,141.900,5.18,,,,,,,2490434,,,4.3
374,1995-01-01,132.200,100.00,1706.7296502981100,,,4.99,,,,,,141.700,2478850,25026,,5.2
375,1995-02-01,132.600,,1594.2340318744900,131.600,143.300,4.91,,,,,,,2481686,,,4.7
376,1995-03-01,132.800,,1775.4391788334500,,,4.29,,,,,,,2493753,,,4.5
377,1995-04-01,132.900,101.52,1522.3609563307500,131.500,145.000,3.73,,,,,,,2504870,,,4.7
378,1995-05-01,133.000,,1755.9004456192000,,,3.90,,,,,,,2502774,,,4.6
379,1995-06-01,132.600,,1788.1950620575600,131.500,144.400,4.09,,,,,,,2538555,,,5.1
380,1995-07-01,132.700,103.23,1799.8271508538300,,,4.10,,,,,,,2556856,,,5.1
381,1995-08-01,133.100,,1986.3127490467900,132.600,145.100,4.83,,,,,,,2543910,,,4.9
382,1995-09-01,133.900,,1982.2667831515400,,,5.14,,,,,,,2534484,,,4.9
383,1995-10-01,134.600,103.98,2028.6379568299900,133.800,146.800,5.26,,,,,,,2543492,,,4.6
384,1995-11-01,135.000,,2074.0953829758000,,,5.28,,,,,,,2538525,,,4.5
385,1995-12-01,135.300,,2036.0986854589300,132.300,145.500,5.26,,,,,,,2532252,,,4.2
386,1996-01-01,135.800,104.99,2272.1471199684800,,,5.22,,,,,,147.600,2523351,26533,,4.9
387,1996-02-01,136.300,,2270.0713187147100,132.200,146.200,5.32,,,,,,,2529807,,,4.4
388,1996-03-01,136.300,,2075.9304706945200,,,5.10,,,,,,,2546854,,,4.3
389,1996-04-01,135.900,104.83,2424.3522637895900,134.100,148.500,5.03,,,,,,,2550597,,,4.1
390,1996-05-01,136.600,,2260.4235354605700,,,5.37,,,,,,,2564751,,,4.1
391,1996-06-01,137.300,,1906.3979526442400,136.200,149.400,5.36,,,,,,,2599790,,,4.3
392,1996-07-01,137.400,105.70,2164.1232589203700,,,5.29,,,,,,,2621873,,,4.1
393,1996-08-01,137.800,,2163.4610466635000,137.500,149.500,5.25,,,,,,,2603151,,,3.8
394,1996-09-01,138.300,,1915.3789292737400,,,5.26,,,,,,,2601611,,,3.8
395,1996-10-01,139.000,106.03,2235.5815273493300,138.100,150.700,5.67,,,,,,,2614472,,,3.7
396,1996-11-01,139.700,,1978.3477815769300,,,5.65,,,,,,,2615434,,,3.8
397,1996-12-01,140.100,,2008.3643799312000,136.100,150.000,5.45,,,,,,,2615801,,,3.5
398,1997-01-01,140.400,106.93,2058.2182202331900,,,5.56,,,,,,153.400,2607094,28222,,4.0
399,1997-02-01,140.500,,1969.7812654614900,137.900,150.700,5.72,,,,,,,2613639,,,4.0
400,1997-03-01,140.500,,1945.0277372606900,,,6.00,,,,,,,2638016,,,3.9
401,1997-04-01,141.000,107.72,2022.1804400404700,136.700,150.600,5.97,,,,,,,2642376,,,3.5
402,1997-05-01,140.800,,2044.2220225469600,,,6.02,,,,,,,2656716,,,3.5
403,1997-06-01,142.300,,2148.0991946897400,139.000,151.400,5.72,,,,,,,2692076,,,4.0
404,1997-07-01,143.100,108.77,2212.7479979319400,,,5.53,,,,,,,2709469,,,3.9
405,1997-08-01,143.400,,2147.3846330336000,138.200,151.200,5.57,,,,,,,2697231,,,3.7
406,1997-09-01,144.300,,2412.1322903907700,,,5.63,,,,,,,2688125,,,3.7
407,1997-10-01,145.800,110.33,2343.4723811957800,141.500,152.800,5.26,,,,,,,2693541,,,3.3
408,1997-11-01,146.400,,2407.3472476611800,,,5.06,,,,,,,2707989,,,3.2
409,1997-12-01,146.400,,2418.8905851387100,140.500,152.500,5.04,,,,,,,2708351,,,3.0
410,1998-01-01,146.900,112.11,2441.0736539296200,140.600,152.100,5.14,,,,,,161.100,2679018,30303,,3.5
411,1998-02-01,147.600,,2529.1565675655000,,,4.91,,,,,,,2685683,,,3.4
412,1998-03-01,147.900,,2473.0533515436500,141.200,153.000,4.81,,,,,,,2698993,,,3.4
413,1998-04-01,148.600,112.89,2674.6493632235200,,,5.11,,,,,,,2705062,,,3.0
414,1998-05-01,149.300,,2610.1018488528800,141.900,153.000,4.84,,,,,,,2717715,,,3.2
415,1998-06-01,149.800,,2564.8223894428600,,,4.79,,,,,,,2750458,,,3.8
416,1998-07-01,150.000,115.22,2765.7301791732600,145.200,154.200,5.00,,,,,,,2766486,,,3.8
417,1998-08-01,150.600,,2582.4786678911000,,,5.05,,,,,,,2748678,,,3.5
418,1998-09-01,151.400,,2744.2295638660400,145.900,154.500,5.07,,,,,,,2755011,,,3.4
419,1998-10-01,151.400,116.69,2590.2305056134800,,,4.86,,,,,,,2765493,,,3.1
420,1998-11-01,151.800,,3074.7885474714600,143.600,154.000,4.70,,,,,,,2772827,,,2.9
421,1998-12-01,153.000,,2755.3336887798500,,,4.38,,,,,,,2778218,,,2.7
422,1999-01-01,153.400,117.68,2670.6362268199200,144.600,155.000,3.82,,,,,,166.200,2768894,31233,,3.1
423,1999-02-01,154.400,,2956.2457693130100,,,4.07,,,,,,,2772447,,,3.0
424,1999-03-01,154.500,,2900.4268764692200,145.100,156.400,3.87,,,,,,,2783923,,,2.9
425,1999-04-01,155.000,120.16,2691.6320026027600,,,3.51,,,,,,,2794622,,,2.9
426,1999-05-01,155.700,,2648.7270299463100,145.400,157.200,3.38,,,,,,,2800416,,,2.9
427,1999-06-01,156.200,,2722.2648001505900,,,3.80,,,,,,,2827430,,,3.4
428,1999-07-01,156.500,121.81,2759.5587783027200,148.700,158.300,4.06,,,,,,,2842852,,,3.4
429,1999-08-01,156.700,,2762.8830321779600,,,4.11,,,,,,,2825997,,,3.3
430,1999-09-01,157.000,,2825.6350236655600,148.700,159.800,4.38,,,,,,,2819583,,,3.3
431,1999-10-01,157.400,123.41,2406.7221346241000,,,4.65,,,,,,,2841716,,,3.2
432,1999-11-01,158.300,,2561.1609324093900,147.500,160.100,4.58,,,,,,,2845333,,,3.1
433,1999-12-01,159.000,,2669.9549802082200,,,4.47,,,,,,,2852317,,,2.9
434,2000-01-01,159.300,125.78,2691.0364938766600,148.300,160.400,4.37,,100.00000000000000,,,,172.400,2843365,33697,5196.188,3.8
435,2000-02-01,160.000,,3098.5752960692200,,,4.27,,101.82326000000000,,,,,2845898,,,3.8
436,2000-03-01,160.600,,2880.3973669252500,149.700,163.100,4.33,,102.03669000000000,,,,,2853833,,,3.7
437,2000-04-01,161.500,127.58,2659.5339572214800,,,4.25,,103.20051000000000,,,,,2866638,,,3.3
438,2000-05-01,162.000,,2895.6920560974100,150.400,163.200,4.30,,104.11440000000000,,,,,2856086,,,3.5
439,2000-06-01,162.200,,2881.6446812452100,,,4.49,,104.27770000000000,,,,,2889400,,,3.9
440,2000-07-01,163.100,129.27,2792.4152950235800,155.100,166.200,3.98,,104.66346000000000,,,,,2883225,,,3.7
441,2000-08-01,163.300,,3075.7345248562700,,,3.74,,105.03810000000000,,,,,2874795,,,3.7
442,2000-09-01,163.600,,3048.4562782951400,155.800,166.900,3.73,,105.73049000000000,,,,,2873628,,,3.5
443,2000-10-01,163.500,130.96,3149.2543604130600,,,3.40,,105.69277000000000,,,,,2891970,,,3.2
444,2000-11-01,164.200,,3171.8897198880500,154.500,166.800,3.04,,106.19400000000000,,,,,2895212,,,3.2
445,2000-12-01,164.300,,3190.2281787527900,,,2.67,,106.19962000000000,,,,,2902624,,,2.8
446,2001-01-01,164.000,134.46,3193.0099542038300,155.400,167.300,2.22,230410.024,106.49335000000000,,,,178.300,2904617,34255,5354.623,3.6
447,2001-02-01,164.800,,3158.9118218031700,,,1.48,,107.09404000000000,,,,,2902102,,,3.5
448,2001-03-01,165.900,,3124.5014893614900,158.200,168.900,0.66,,108.33494000000000,,,,,2913888,,,3.8
449,2001-04-01,166.500,136.48,3153.9229161019300,,,-0.01,,109.77023000000000,,,,,2917733,,,3.8
450,2001-05-01,166.500,,3327.6617308354400,157.400,169.400,-0.42,,110.45024000000000,,,,,2908212,,,4.0
451,2001-06-01,167.200,,3367.1797267769700,,,-0.86,,111.20353000000000,,,,,2931673,,,4.8
452,2001-07-01,167.100,137.68,3029.6487307515200,163.500,171.500,-1.58,,111.11606000000000,,,,,2940365,,,4.8
453,2001-08-01,167.200,,2796.5439037003100,,,-1.80,,111.38947000000000,,,,,2909495,,,5.2
454,2001-09-01,168.100,,2743.3771802054500,163.100,172.800,-2.64,,111.22104000000000,,,,,2921176,,,5.2
455,2001-10-01,168.800,139.43,3145.2516592131300,,,-3.32,,111.42604000000000,,,,,2923664,,,5.4
456,2001-11-01,170.200,,2822.7214929660400,162.700,171.500,-2.67,,111.36899000000000,,,,,2923900,,,5.8
457,2001-12-01,170.800,,2938.3286548538500,,,-1.74,,111.61885000000000,,,,,2930060,,,5.8
458,2002-01-01,172.800,140.01,3257.7919595457200,162.400,170.600,-0.76,239100.962,111.76329000000000,,,,183.300,2920044,33865,5476.578,6.6
459,2002-02-01,173.800,,3061.4457778606300,,,-0.40,,111.39807000000000,,,,,2941927,,,6.4
460,2002-03-01,174.300,,3098.0071838057700,162.600,172.100,-0.04,,112.36734000000000,,,,,2937794,,,6.3
461,2002-04-01,174.300,141.22,3177.2412135496000,,,0.13,,113.14244000000000,,,,,2940063,,,6.3
462,2002-05-01,174.500,,3337.3793370375600,162.200,172.900,0.53,,113.81221000000000,,,,,2938254,,,6.3
463,2002-06-01,174.500,,3109.7724815896100,,,0.57,,113.96153000000000,,,,,2965259,,,6.9
464,2002-07-01,173.800,143.33,3218.1311175744300,163.000,172.900,0.59,,113.97663000000000,,,,,2965311,,,6.8
465,2002-08-01,173.300,,3407.4868075362200,,,0.53,,114.42267000000000,,,,,2958262,,,6.6
466,2002-09-01,173.700,,3289.5379782917800,162.600,173.200,0.09,,114.50356000000000,,,,,2956372,,,6.4
467,2002-10-01,174.200,144.37,3359.3340435552200,,,-0.36,,114.15161000000000,,,,,2959240,,,6.3
468,2002-11-01,174.700,,3392.0540326033500,161.800,173.600,0.04,,113.79526000000000,,,,,2950984,,,6.5
469,2002-12-01,174.400,,2925.7547039682800,,,0.07,,113.81996000000000,,,,,2952412,,,6.3
470,2003-01-01,174.700,145.02,3626.7627525261400,162.900,174.000,0.11,245066.686,113.89493000000000,,,,185.400,2941002,33927,5582.033,7.0
471,2003-02-01,175.100,,3038.4400018006800,,,0.02,,113.37912000000000,,,,,2940512,,,6.8
472,2003-03-01,175.800,,3229.2079460073300,165.300,176.800,0.01,,112.93244000000000,,,,,2935006,,,6.7
473,2003-04-01,175.400,145.79,3313.5398152257500,,,0.52,,113.22311000000000,,,,,2946777,,,6.5
474,2003-05-01,175.000,,3214.2590456660800,166.300,176.900,0.86,,113.91383000000000,,,,,2941389,,,6.6
475,2003-06-01,174.900,,3300.4046840506300,,,1.21,,114.96261000000000,,,,,2980447,,,7.4
476,2003-07-01,174.600,146.38,3711.0048187451000,166.900,176.500,2.14,,115.29414000000000,,,,,2972859,,,7.0
477,2003-08-01,174.600,,3379.1669999751600,,,2.65,,115.39148000000000,,,,,2952544,,,6.8
478,2003-09-01,173.600,,4162.4520512561200,166.500,177.000,2.85,,115.25655000000000,,,,,2945696,,,6.6
479,2003-10-01,173.600,146.96,3559.8884058621700,,,3.23,,114.88704000000000,,,,,2960691,,,6.2
480,2003-11-01,172.700,,2920.3849846141800,164.600,175.900,3.28,,114.58539000000000,,,,,2966290,,,6.1
481,2003-12-01,171.800,,3664.2645790741600,,,3.32,,114.04662000000000,,,,,2961771,,,5.6
482,2004-01-01,170.900,147.84,3508.2998363866000,163.200,175.700,3.40,263772.155,113.99536000000000,,,,185.200,2957742,34737,5689.982,6.3
483,2004-02-01,170.600,,3835.1799793397500,,,3.21,,113.79515000000000,,,,,2950665,,,6.0
484,2004-03-01,170.600,,3890.8954302342900,162.900,177.700,3.24,,113.24766000000000,,,,,2960816,,,6.1
485,2004-04-01,170.200,148.78,4010.6131442451900,,,3.41,,114.20496000000000,,,,,2961738,,,5.6
486,2004-05-01,169.800,,3491.9458279715600,163.400,179.100,3.03,,115.37063000000000,,,,,2964787,,,5.6
487,2004-06-01,169.100,,3744.4583446900500,,,2.98,,116.39772000000000,,,,,2980379,,,6.2
488,2004-07-01,168.500,149.38,3763.3983122156100,166.600,179.100,3.60,,116.93388000000000,,,,,2999144,,,5.9
489,2004-08-01,168.800,,3839.8374013570700,,,3.23,,117.17607000000000,,,,,2973866,,,5.6
490,2004-09-01,167.900,,3846.3216251633100,167.800,179.700,3.29,,116.97520000000000,,,,,2973881,,,5.5
491,2004-10-01,168.000,150.84,3345.5349458398700,,,3.63,,116.75704000000000,,,,,3000647,,,5.4
492,2004-11-01,168.300,,3865.0611793634600,166.500,179.900,3.25,,116.44936000000000,,,,,3008674,,,5.6
493,2004-12-01,169.300,,3834.5882539783500,,,3.32,,116.57966000000000,,,,,3005690,,,5.3
494,2005-01-01,170.100,151.55,3729.4839926262600,167.700,180.000,3.37,284456.508,116.38919000000000,,,,188.000,2978213,37170,5816.407,5.8
495,2005-02-01,169.300,,3990.3229119434400,,,3.73,,116.45745000000000,,,,,2987887,,,5.7
496,2005-03-01,169.700,,3513.5179978646300,166.300,181.300,4.19,,117.37315000000000,43.20%,133706.0,2.30%,,2981099,,,5.3
497,2005-04-01,169.500,153.16,3775.2749942152600,,,4.69,,118.36502000000000,,,,,2997363,,,5.1
498,2005-05-01,168.500,,3668.5665466647800,168.100,183.500,4.58,,119.47166000000000,,,,,3003344,,,5.1
499,2005-06-01,167.900,,3857.2552467058300,,,4.83,,120.02775000000000,43.40%,134186.0,2.30%,,3019167,,,5.4
500,2005-07-01,168.200,154.83,3771.1910402062100,171.200,184.300,5.06,,120.82903000000000,,,,,3039064,,,5.4
501,2005-08-01,168.600,,4153.3993583399900,,,4.36,,121.15007000000000,,,,,3040857,,,5.2
502,2005-09-01,168.900,,4206.0078621110200,172.400,188.900,4.39,,121.62157000000000,43.40%,134032.0,2.30%,,3044558,,,5.1
503,2005-10-01,168.900,155.64,4608.1828195540800,,,4.45,,121.66380000000000,,,,,3067352,,,4.8
504,2005-11-01,169.800,,5208.8119144732800,175.200,187.800,4.34,,122.11284000000000,,,,,3072913,,,5.0
505,2005-12-01,170.400,,4919.4791304924600,,,4.32,,122.20399000000000,43.20%,134539.0,2.50%,,3063545,,,4.8
506,2006-01-01,171.000,156.71,4510.9010555393500,175.700,188.600,4.36,307562.122,121.91083000000000,,,,188.500,3042419,39903,5999.411,5.1
507,2006-02-01,171.400,,4150.0978612355000,,,4.18,,121.32849000000000,,,,,3047499,,,5.1
508,2006-03-01,171.100,,4324.8071763031900,173.500,188.400,4.24,,121.52173000000000,42.70%,136022.0,2.30%,,3051994,,,4.8
509,2006-04-01,171.300,157.85,3754.0037163427900,,,4.31,,122.39961000000000,,,,,3066572,,,4.7
510,2006-05-01,171.400,,3887.3510886096400,173.900,191.200,4.50,,123.28627000000000,,,,,3072796,,,4.8
511,2006-06-01,171.600,,3980.9422320401700,,,4.47,,124.49855000000000,42.70%,134862.0,2.50%,,3095583,,,5.2
512,2006-07-01,171.900,158.95,3472.3865975601100,175.500,191.700,4.04,,125.36724000000000,,,,,3107810,,,5.2
513,2006-08-01,171.900,,3577.6050918046300,,,4.46,,125.70066000000000,,,,,3100149,,,4.8
514,2006-09-01,172.300,,3106.3450142400700,176.100,192.000,4.60,,125.18592000000000,43.30%,135796.0,2.30%,,3090081,,,4.7
515,2006-10-01,172.900,160.12,3145.0074124946600,,,4.38,,124.58129000000000,,,,,3104415,,,4.3
516,2006-11-01,173.000,,2974.0390387699200,173.300,188.400,4.66,,123.85171000000000,,,,,3114712,,,4.4
517,2006-12-01,172.700,,2617.7648383385400,,,4.46,,123.66966000000000,42.50%,137471.0,2.30%,,3106865,,,4.0
518,2007-01-01,172.734,161.43,3177.4167931712000,172.929,188.890,4.10,326986.827,122.63606000000000,,,,192.191,3090235,41319,6156.652,4.7
519,2007-02-01,173.537,,2504.7926790775600,,,4.53,,122.72920000000000,,,,,3076595,,,4.4
520,2007-03-01,174.109,,2527.9037874888700,174.101,190.156,4.37,,123.15619000000000,43.30%,136767.0,2.30%,,3084391,,,4.0
521,2007-04-01,175.332,164.15,2475.4660870357700,,,3.69,,124.70646000000000,,,,,3080778,,,3.9
522,2007-05-01,176.516,,2427.5355026824500,174.899,192.779,3.63,,125.49360000000000,,,,,3081805,,,4.0
523,2007-06-01,177.206,,2205.9055331193500,,,3.65,,126.46739000000000,43.60%,136706.0,2.30%,,3112701,,,4.5
524,2007-07-01,177.193,162.85,2198.3525198944700,178.588,194.286,3.28,,126.29790000000000,,,,,3123445,,,4.6
525,2007-08-01,177.716,,2197.0468964481100,,,3.54,,126.30715000000000,,,,,3112266,,,4.2
526,2007-09-01,177.491,,2041.8537054880300,178.291,194.847,3.49,,125.42228000000000,43.20%,136510.0,2.60%,,3123436,,,4.3
527,2007-10-01,177.762,163.84,2070.8906030635200,,,3.57,,124.44772000000000,,,,,3120892,,,4.1
528,2007-11-01,177.848,,1897.1377764075900,176.563,196.465,3.60,,122.39309000000000,,,,,3141981,,,4.1
529,2007-12-01,178.685,,1730.7529613862600,,,3.31,,120.77807000000000,43.30%,136507.0,2.70%,,3135047,,,4.1
530,2008-01-01,179.991,165.15,1681.2324362306000,177.469,197.079,3.21,340573.587,118.49404000000000,,,,197.855,3123475,43441,6301.085,4.5
531,2008-02-01,180.242,,1971.4708553896700,,,2.74,,117.75910000000000,,,,,3117316,,,4.3
532,2008-03-01,181.622,,1448.6508777511400,177.992,198.596,1.85,,119.00629000000000,42.70%,135963.0,2.90%,,3123037,,,4.3
533,2008-04-01,182.108,164.90,1698.6021396114100,,,1.57,,120.44292000000000,,,,,3129975,,,4.0
534,2008-05-01,182.579,,1595.2386557890000,181.626,202.357,1.35,,121.60334000000000,,,,,3140906,,,4.5
535,2008-06-01,183.500,,1539.9531313800800,,,0.78,,122.49460000000000,44.10%,135079.0,2.90%,,3160062,,,5.0
536,2008-07-01,184.247,164.12,1587.1198237187200,185.800,206.413,0.37,,123.21077000000000,,,,,3172875,,,5.2
537,2008-08-01,185.124,,1310.7201607978800,,,-0.03,,123.03715000000000,,,,,3159165,,,5.3
538,2008-09-01,186.322,,1386.8327903276200,186.698,205.883,-0.60,,122.06423000000000,43.90%,134355.0,2.90%,,3159072,,,5.1
539,2008-10-01,187.576,164.83,1204.1989042876100,,,-1.47,,120.58656000000000,,,,,3166061,,,5.2
540,2008-11-01,188.748,,984.4251184040410,185.732,200.051,-2.57,,118.25391000000000,,,,,3155720,,,5.4
541,2008-12-01,189.335,,959.7203792427120,,,-3.21,,115.43881000000000,43.90%,136234.0,3.20%,,3150182,,,5.7
542,2009-01-01,188.779,167.19,856.3031981901170,185.444,198.623,-4.00,324428.447,112.60498000000000,,,,203.037,3140577,39652,6447.615,6.7
543,2009-02-01,188.947,,1017.9749983142900,,,-4.46,,112.25767000000000,,,,,3137806,,,6.8
544,2009-03-01,189.058,,869.3032243935260,184.339,200.039,-4.37,,112.36109000000000,43.50%,137244.0,3.60%,,3136720,,,6.8
545,2009-04-01,189.549,165.35,900.3829129156450,,,-3.97,,114.29694000000000,,,,,3150620,,,6.4
546,2009-05-01,190.243,,951.7317438451330,182.467,199.311,-3.76,,116.50346000000000,,,,,3177485,,,7.6
547,2009-06-01,190.738,,1317.3936806467100,,,-3.19,,119.72946000000000,43.60%,136357.0,3.90%,,3217047,,,8.7
548,2009-07-01,192.176,162.41,1367.0828560677200,182.895,200.663,-2.06,,121.26289000000000,,,,,3235218,,,8.7
549,2009-08-01,192.132,,1365.5119418945300,,,-0.95,,121.49877000000000,,,,,3218787,,,8.6
550,2009-09-01,192.196,,1423.7673473577400,182.336,201.802,-0.46,,120.62665000000000,43.30%,135937.0,4.30%,,3209834,,,8.5
551,2009-10-01,191.639,162.70,1302.3482857515000,,,0.11,,119.90985000000000,,,,,3211897,,,8.3
552,2009-11-01,190.862,,1390.3954896355800,180.436,201.958,0.80,,119.95670000000000,,,,,3209932,,,8.1
553,2009-12-01,191.038,,1481.8049301663700,,,1.47,,118.83345000000000,43.10%,134995.0,4.80%,,3198089,,,8.0
554,2010-01-01,191.284,162.11,1424.7537350231100,180.119,202.106,1.90,336217.270,117.29445000000000,,,,201.428,3245392,40995,6392.065,8.6
555,2010-02-01,191.419,,1383.7968818060800,,,1.94,,115.26581000000000,,,,,3251739,,,8.4
556,2010-03-01,191.044,,1625.6380935532300,178.767,201.982,2.76,,115.82380000000000,43.20%,134660.0,4.80%,,3265298,,,8.3
557,2010-04-01,188.784,162.16,1217.1951488439200,,,3.24,,118.17714000000000,,,,,3297848,,,7.9
558,2010-05-01,188.850,,1071.2732208188800,178.694,202.108,3.38,,119.91624000000000,,,,,3292099,,,7.9
559,2010-06-01,187.920,,1203.9695188822400,,,3.46,,121.04087000000000,43.00%,134736.0,4.40%,,3303619,,,8.3
560,2010-07-01,187.825,163.18,1118.7199082044100,179.231,200.227,3.43,,120.75475000000000,,,,,3319854,,,8.3
561,2010-08-01,186.659,,1041.3253358235700,,,3.53,,119.35893000000000,,,,,3320091,,,8.1
562,2010-09-01,186.912,,1032.2403878546700,179.090,201.882,3.77,,117.44474000000000,42.70%,134418.0,4.30%,,3322583,,,7.9
563,2010-10-01,187.352,162.08,1026.1251841734700,,,3.95,,116.11164000000000,,,,,3324699,,,7.7
564,2010-11-01,186.228,,1152.0063331356300,177.027,201.168,3.59,,114.88219000000000,,,,,3334364,,,8.0
565,2010-12-01,186.674,,1186.0261563758700,,,3.90,,114.66703000000000,41.90%,133088.0,4.30%,,3331543,,,7.6
566,2011-01-01,187.029,159.19,1144.7188166286400,177.624,203.199,4.00,354989.304,114.04325000000000,,,,202.678,3330671,44888,6510.544,8.1
567,2011-02-01,187.051,,937.7928532569870,,,4.23,,113.78430000000000,,,,,3334691,,,7.8
568,2011-03-01,187.580,,1261.2562127047600,178.929,206.967,4.55,,112.75775000000000,42.10%,133040.0,4.20%,,3348298,,,7.6
569,2011-04-01,188.685,157.70,1118.7555634027300,,,4.48,,113.28027000000000,,,,,3354130,,,7.3
570,2011-05-01,189.567,,1132.9041843050700,180.047,208.794,4.13,,114.27635000000000,,,,,3364431,,,7.4
571,2011-06-01,189.935,,1228.6473685771800,,,4.19,,115.90149000000000,42.00%,131851.0,3.90%,,3383965,,,8.2
572,2011-07-01,189.598,159.93,1123.8389936528500,181.514,208.602,4.47,,116.92138000000000,,,,,3388241,,,8.0
573,2011-08-01,190.984,,1219.8348156886500,,,4.45,,117.11197000000000,,,,,3385710,,,7.8
574,2011-09-01,191.819,,1279.7835017035100,182.468,209.255,4.53,,116.44224000000000,41.70%,130933.0,3.90%,,3402157,,,7.6
575,2011-10-01,192.890,159.44,1118.1418456844400,,,4.41,,115.42153000000000,,,,,3406243,,,7.3
576,2011-11-01,193.639,,1175.6926769598400,182.221,209.283,4.53,,113.99559000000000,,,,,3400570,,,6.9
577,2011-12-01,194.441,,1202.6407158960900,,,4.62,,113.18091000000000,41.20%,129965.0,4.00%,,3393862,,,6.7
578,2012-01-01,194.472,159.26,1338.2518796275100,181.796,209.203,4.82,374743.312,112.63033000000000,,,,209.469,3381650,46644,6644.559,7.1
579,2012-02-01,196.012,,1355.5339251208500,,,4.78,,112.72139000000000,,,,,3397507,,,6.9
580,2012-03-01,196.951,,1225.0192412573200,182.582,212.618,4.46,,114.47638000000000,41.20%,129227.0,4.00%,,3402797,,,6.7
581,2012-04-01,197.511,159.83,1288.8612108715900,,,4.05,,116.42070000000000,,,,,3398467,,,6.3
582,2012-05-01,198.040,,1577.9839405931500,183.075,212.226,3.86,,118.60020000000000,,,,,3415816,,,6.6
583,2012-06-01,198.182,,1402.7180494264200,,,3.96,,120.13666000000000,41.00%,128203.0,3.90%,,3435220,,,7.1
584,2012-07-01,199.259,161.30,1425.4202826848800,185.272,211.267,3.83,,121.21355000000000,,,,,3432935,,,7.1
585,2012-08-01,199.613,,1652.0191019933300,,,4.23,,121.37818000000000,,,,,3416309,,,6.8
586,2012-09-01,200.341,,1467.0295764977400,185.735,214.033,4.31,,121.56240000000000,40.40%,127564.0,3.70%,,3431281,,,6.2
587,2012-10-01,201.193,162.97,1768.5934841573200,,,4.17,,120.73864000000000,,,,,3445411,,,6.1
588,2012-11-01,202.738,,1847.6254575494100,186.885,212.901,4.04,,120.59551000000000,,,,,3439234,,,5.9
589,2012-12-01,203.685,,1356.9189878766200,,,3.56,,120.50621000000000,40.10%,127334.0,3.50%,,3445601,,,6.0
590,2013-01-01,203.865,164.17,1617.1901992687900,188.398,213.696,3.41,392917.447,120.52825000000000,,,,215.437,3439605,47092,6753.889,6.9
591,2013-02-01,204.114,,1489.3497803655000,,,4.13,,120.71903000000000,,,,,3435933,,,6.4
592,2013-03-01,204.423,,1735.2037581767900,188.472,216.465,4.16,,122.30930000000000,39.60%,127063.0,3.30%,,3437256,,,6.2
593,2013-04-01,203.969,168.20,1876.0703857074600,,,3.95,,125.05182000000000,,,,,3450844,,,5.8
594,2013-05-01,202.870,,1840.1830843204300,188.881,215.670,4.24,,127.60936000000000,,,,,3472272,,,6.1
595,2013-06-01,202.743,,1672.6946356323700,,,4.34,,129.78901000000000,39.00%,127280.0,3.00%,,3492408,,,6.7
596,2013-07-01,203.403,171.94,1861.3841293156400,189.249,216.979,4.48,,131.48233000000000,,,,,3495074,,,6.5
597,2013-08-01,205.080,,1770.8844473677400,,,4.67,,132.30445000000000,,,,,3488771,,,6.1
598,2013-09-01,205.624,,1689.6810190084500,190.639,217.068,4.44,,132.58745000000000,37.90%,127806.0,2.80%,,3498886,,,6.0
599,2013-10-01,206.052,174.07,1812.9345004381800,,,4.13,,132.46442000000000,,,,,3477866,,,5.9
600,2013-11-01,206.595,,1764.6131605481900,190.126,215.450,4.30,,132.58258000000000,,,,,3504864,,,5.5
601,2013-12-01,207.124,,1578.4084784406100,,,4.06,,132.83697000000000,38.10%,128464.0,2.70%,,3496937,,,5.2
602,2014-01-01,207.405,177.86,1829.2604115115500,190.357,216.291,4.35,415238.962,132.67138000000000,,,,221.256,3500748,49866,6889.769,5.6
603,2014-02-01,207.856,,1793.3905163837800,,,4.66,,133.00006000000000,,,,,3512143,,,5.6
604,2014-03-01,209.273,,1710.7537652530700,193.353,218.715,4.95,,134.55010000000000,38.40%,128290.0,2.60%,,3526424,,,5.4
605,2014-04-01,211.021,183.64,1793.6155150620000,,,5.22,,136.72981000000000,,,,,3518068,,,4.7
606,2014-05-01,212.138,,1693.3459770413900,194.563,219.590,5.01,,138.54965000000000,,,,,3531308,,,5.0
607,2014-06-01,213.310,,1723.2327465500200,,,4.63,,140.15289000000000,37.70%,128750.0,2.40%,,3546005,,,5.3
608,2014-07-01,214.180,187.18,2074.9725156122300,196.035,219.543,4.46,,141.22097000000000,,,,,3559430,,,5.5
609,2014-08-01,214.935,,1851.4396378045300,,,4.69,,142.03619000000000,,,,,3553343,,,5.3
610,2014-09-01,215.273,,2133.8441514153000,195.923,219.380,5.02,,142.40273000000000,37.50%,128819.0,2.30%,,3550328,,,4.9
611,2014-10-01,216.125,189.38,2102.8107305115400,,,5.22,,142.61977000000000,,,,,3557123,,,4.6
612,2014-11-01,216.735,,1770.0390163940700,195.129,217.188,5.07,,142.78123000000000,,,,,3565006,,,4.4
613,2014-12-01,217.244,,2267.6664757283900,,,5.02,,142.84620000000000,37.20%,130039.0,2.30%,,3551983,,,4.0
614,2015-01-01,218.230,193.99,2269.1010353919400,196.475,214.899,4.51,435857.522,143.44780000000000,,,,228.527,3549408,50670,7042.566,4.5
615,2015-02-01,219.190,,2276.7888104902000,,,3.97,,144.42915000000000,,,,,3549067,,,4.2
616,2015-03-01,220.211,,2313.2047392333200,197.523,217.487,3.63,,147.16687000000000,37.10%,130627.0,2.10%,,3541631,,,4.1
617,2015-04-01,221.199,200.64,2400.8851006166200,,,4.01,,148.80297000000000,,,,,3562429,,,3.7
618,2015-05-01,221.966,,2202.7258003987800,198.139,218.484,4.01,,150.26878000000000,,,,,3577192,,,4.0
619,2015-06-01,222.736,,2441.5520690840100,,,4.02,,151.66958000000000,36.30%,130570.0,2.00%,,3584383,,,4.3
620,2015-07-01,223.931,206.35,2273.2834174147000,200.056,218.676,4.09,,153.56296000000000,,,,,3595999,,,4.3
621,2015-08-01,225.824,,2179.1521530767800,,,3.73,,154.67285000000000,,,,,3591375,,,4.1
622,2015-09-01,226.901,,2664.7189448995600,199.335,217.507,3.53,,155.26289000000000,36.40%,131480.0,1.90%,,3588732,,,4.0
623,2015-10-01,227.806,209.10,2383.7525885459400,,,3.60,,155.79351000000000,,,,,3604432,,,3.9
624,2015-11-01,228.611,,2192.7512012444200,199.230,217.104,3.48,,156.10632000000000,,,,,3623500,,,3.9
625,2015-12-01,229.751,,2386.9850581737700,,,4.06,,156.43941000000000,36.20%,133259.0,1.90%,,3626994,,,3.6
626,2016-01-01,230.106,213.73,1925.8826941748400,201.464,217.164,4.55,453858.011,156.62929000000000,,,,240.837,3632896,51428,7194.758,3.8
627,2016-02-01,230.432,,2422.4720584282700,,,4.19,,157.46172000000000,,,,,3657727,,,3.8
628,2016-03-01,231.213,,2351.6547673446700,201.544,218.877,3.76,,159.71940000000000,36.20%,134215.0,1.70%,,3666064,,,3.8
629,2016-04-01,231.706,221.57,2407.6702343906400,,,3.83,,161.71003000000000,,,,,3671132,,,3.6
630,2016-05-01,232.543,,2559.4429610014100,204.029,220.717,3.43,,163.81696000000000,,,,,3672758,,,3.6
631,2016-06-01,234.814,,2662.8832059045900,,,3.38,,165.21480000000000,35.70%,133964.0,1.50%,,3696487,,,4.1
632,2016-07-01,236.465,226.21,2497.0908933796100,205.992,221.507,3.91,,166.33744000000000,,,,,3719573,,,4.2
633,2016-08-01,237.316,,2711.8415211615900,,,3.96,,167.13441000000000,,,,,3715666,,,4.1
634,2016-09-01,238.215,,2431.1550524395700,207.343,221.923,4.03,,167.73157000000000,35.20%,134870.0,1.50%,,3733249,,,4.1
635,2016-10-01,240.066,230.45,2421.9127409856800,,,3.92,,168.43477000000000,,,,,3734433,,,3.9
636,2016-11-01,241.039,,2504.6530710321000,208.188,222.259,3.94,,168.73869000000000,,,,,3752407,,,3.7
637,2016-12-01,242.595,,2851.7920146946800,,,3.95,,169.04901000000000,35.10%,136846.0,1.50%,,3748731,,,3.7
638,2017-01-01,244.983,235.86,2594.4703725136100,209.830,223.082,4.08,478176.220,169.46066000000000,,,,254.987,3755876,53870,7337.097,4.1
639,2017-02-01,246.699,,2767.3413438534400,,,3.98,,171.30343000000000,,,,,3778152,,,4.1
640,2017-03-01,246.079,,3393.0947290577800,211.429,223.782,3.93,,173.44678000000000,35.30%,138819.0,1.40%,,3777968,,,3.9
641,2017-04-01,246.910,245.25,2736.4758922381800,,,3.69,,175.29404000000000,,,,,3785779,,,3.5
642,2017-05-01,249.659,,2896.2794484635600,213.061,225.264,3.77,,176.53401000000000,,,,,3776413,,,3.6
643,2017-06-01,251.874,,3017.0685427900100,,,3.94,,177.85815000000000,35.10%,140633.0,1.20%,,3797002,,,3.9
644,2017-07-01,252.819,249.90,2834.6635463970600,216.164,225.613,3.76,,178.50937000000000,,,,,3823028,,,3.9
645,2017-08-01,254.497,,2897.2320125927500,,,3.91,,179.03170000000000,,,,,3816796,,,3.9
646,2017-09-01,255.682,,2667.9767371072000,218.044,229.056,4.15,,179.73311000000000,34.70%,142486.0,1.20%,,3844335,,,3.5
647,2017-10-01,256.919,252.34,2533.9686929713500,,,4.03,,180.42716000000000,,,,,3826083,,,3.3
648,2017-11-01,258.881,,3146.8117119715500,219.947,229.352,3.73,,180.64196000000000,,,,,3855205,,,3.4
649,2017-12-01,260.126,,2893.6491786949400,,,3.54,,180.78713000000000,34.50%,144208.0,1.40%,,3844317,,,3.3
650,2018-01-01,260.571,256.45,3250.7442776686600,220.283,229.132,3.46,505768.515,181.23406000000000,,,,267.377,3844198,56864,7455.756,3.7
651,2018-02-01,260.202,,2982.1285319653500,,,3.59,,182.28582000000000,,,,,3879105,,,3.7
652,2018-03-01,262.322,,2583.9795484840800,220.437,230.272,3.72,,183.58835000000000,34.70%,145761.0,1.30%,,3866156,,,3.6
653,2018-04-01,265.425,262.04,2911.1775866251700,,,3.81,,185.27276000000000,,,,,3867853,,,3.3
654,2018-05-01,266.000,,3093.6244538945100,224.436,234.034,4.16,,186.42279000000000,,,,,3866110,,,3.3
655,2018-06-01,267.496,,2967.9750863063100,,,4.25,,187.15900000000000,34.50%,147349.0,1.10%,,3892241,,,3.9
656,2018-07-01,267.696,265.27,3043.5252215226700,224.944,233.570,4.22,,187.50014000000000,,,,,3905738,,,3.7
657,2018-08-01,269.220,,3081.8408533344900,,,4.18,,187.43342000000000,,,,,3873717,,,3.6
658,2018-09-01,269.313,,3034.4976153101400,225.016,234.563,4.02,,187.42928000000000,34.40%,150174.0,1.10%,,3895273,,,3.4
659,2018-10-01,268.644,266.05,3084.9850340680000,,,4.09,,187.49068000000000,,,,,3910343,,,3.3
660,2018-11-01,269.708,,2986.0654621977400,228.690,234.487,4.05,,187.88942000000000,,,,,3927959,,,3.2
661,2018-12-01,269.940,,2498.2399461273400,,,3.93,,187.97905000000000,34.00%,151486.0,1.10%,,3930896,,,3.3
662,2019-01-01,270.392,268.27,2640.1772582672600,229.081,233.915,4.04,523861.973,188.20045000000000,,,,277.654,3931972,58725,7573.136,3.9
663,2019-02-01,270.881,,2658.1162468170200,,,4.10,,188.53544000000000,,,,,3939335,,,3.4
664,2019-03-01,272.007,,2776.2739575389000,228.979,236.495,4.04,,189.08054000000000,34.10%,153251.0,1.10%,,3931453,,,3.3
665,2019-04-01,272.900,272.87,2958.5932605507400,,,4.04,,190.31511000000000,,,,,3922980,,,2.8
666,2019-05-01,273.876,,2863.7108370651100,228.109,237.485,4.06,,191.29702000000000,,,,,3926375,,,2.9
667,2019-06-01,274.742,,2628.8350083570100,,,4.05,,192.12944000000000,34.40%,155378.0,0.90%,,3960641,,,3.5
668,2019-07-01,275.319,275.94,2855.9499284250500,231.993,238.891,4.31,,192.55790000000000,,,,,3987104,,,3.6
669,2019-08-01,276.563,,3039.6149186981800,,,4.15,,192.66405000000000,,,,,3977030,,,3.5
670,2019-09-01,278.451,,3099.7741891341400,233.628,239.815,4.08,,193.07051000000000,34.20%,155970.0,1.00%,,4003204,,,3.2
671,2019-10-01,277.890,277.89,3073.3490329107900,,,4.30,,192.92584000000000,,,,,4012036,,,3.1
672,2019-11-01,278.661,,3128.8823644760200,233.371,238.768,4.88,,193.23869000000000,,,,,4035848,,,3.1
673,2019-12-01,280.054,,3369.2184112789800,,,4.88,,192.84691000000000,34.30%,158459.0,1.10%,,4031616,,,2.9
674,2020-01-01,280.434,279.43,3419.0062991864300,235.154,238.935,,,193.08457000000000,,,,,4023717,,,3.3
675,2020-02-01,282.535,,3498.5508682517300,,,,,193.32358000000000,,,,,4047164,,,3.2
676,2020-03-01,284.827,,3270.6670224427300,237.318,238.865,,,194.37811000000000,,,,,3962016,,,4.6
677,2020-04-01,285.386,280.62,2771.3668812667400,,,,,195.67762000000000,,,,,3694671,,,12.8
678,2020-05-01,286.580,,2758.8794063088100,238.598,236.317,,,196.71574000000000,,,,,3829800,,,12.3
679,2020-06-01,286.647,,3300.6127063402200,,,,,198.04866000000000,,,,,3945263,,,8.2
680,2020-07-01,288.312,284.79,3638.4655046075800,238.954,239.888,,,198.76568000000000,,,,,3949765,,,7.6
681,2020-08-01,287.399,,3589.4569605133300,,,,,200.72680000000000,,,,,4086580,,,6.3
682,2020-09-01,288.439,,4154.7963699424700,239.168,240.658,,,202.56849000000000,,,,,4044158,,,7.4
683,2020-10-01,289.566,,4131.4042098889100,,,,,,,,,,4029405,,,6.1
684,2020-11-01,289.780,,4069.1951801602300,239.360,239.544,,,,,,,,,,,
