,Date,Consumer Price Index for All Urban Consumers: Housing(CBSA),All-Transactions House Price Index(MSAD),S&P/Case-Shiller NY-New York Home Price Index,Consumer Price Index for All Urban Consumers: All Items(CBSA),"New Private Housing Structures Authorized by Building Permits, Units(MSA)","Economic Conditions Index, percent(MSA)","Civilian Labor Force, persons(MSA)",Mortgage debt-percent with debt,Median debt(inflation adjusted),Percent with Severely Delinquent Debt,Consumer Price Index for All Urban Consumers: Owners Equivalent Rent(CBSA),"Per Capita Personal Income, Dollars(MSA)","Resident Population, Thousands of Persons, Annual(MSA)",Consumer Price Index for All Urban Consumers: Rent(CBSA),Unemployment Rate(MSA),"Total Gross Domestic Product, Millions of Dollars(MSA)"
0,1976-01-01,58.800,23.83,,59.700,,,,,,,,8112,,,,
1,1976-02-01,59.100,,,60.000,,,,,,,,,,64.900,,
2,1976-03-01,59.300,,,60.200,,,,,,,,,,,,
3,1976-04-01,59.400,23.37,,60.300,,,,,,,,,,65.400,,
4,1976-05-01,59.500,,,60.500,,,,,,,,,,,,
5,1976-06-01,59.900,,,60.900,,,,,,,,,,65.800,,
6,1976-07-01,59.900,24.78,,61.100,,,,,,,,,,,,
7,1976-08-01,60.100,,,61.400,,,,,,,,,,66.300,,
8,1976-09-01,60.300,,,61.800,,,,,,,,,,,,
9,1976-10-01,60.600,24.67,,61.900,,,,,,,,,,66.600,,
10,1976-11-01,60.600,,,61.900,,,,,,,,,,,,
11,1976-12-01,61.000,,,62.200,,,,,,,,,,67.100,,
12,1977-01-01,61.600,25.71,,62.400,,,,,,,,8850,,,,
13,1977-02-01,61.800,,,63.000,,,,,,,,,,68.200,,
14,1977-03-01,62.200,,,63.300,,,,,,,,,,,,
15,1977-04-01,62.400,24.89,,63.500,,,,,,,,,,68.700,,
16,1977-05-01,62.600,,,63.900,,,,,,,,,,,,
17,1977-06-01,63.200,,,64.400,,,,,,,,,,69.200,,
18,1977-07-01,63.200,25.59,,64.500,,,,,,,,,,,,
19,1977-08-01,63.400,,,64.800,,,,,,,,,,69.700,,
20,1977-09-01,63.700,,,64.800,,,,,,,,,,,,
21,1977-10-01,63.800,25.73,,64.900,,,,,,,,,,70.200,,
22,1977-11-01,63.900,,,65.200,,,,,,,,,,,,
23,1977-12-01,64.100,,,65.300,,,,,,,,,,70.900,,
24,1978-01-01,64.400,26.07,,65.700,,,,,,,,9757,,71.500,,
25,1978-02-01,64.500,,,66.000,,,,,,,,,,72.100,,
26,1978-03-01,65.000,,,66.500,,,,,,,,,,72.400,,
27,1978-04-01,65.200,28.14,,66.900,,,,,,,,,,72.300,,
28,1978-05-01,65.500,,,67.300,,,,,,,,,,72.600,,
29,1978-06-01,66.200,,,68.000,,,,,,,,,,72.900,,
30,1978-07-01,66.400,28.29,,68.100,,,,,,,,,,72.900,,
31,1978-08-01,66.900,,,68.400,,,,,,,,,,73.500,,
32,1978-09-01,67.400,,,68.800,,,,,,,,,,73.400,,
33,1978-10-01,67.900,28.72,,69.300,,,,,,,,,,73.800,,
34,1978-11-01,67.900,,,69.500,,,,,,,,,,74.100,,
35,1978-12-01,68.200,,,69.700,,,,,,,,,,74.300,,
36,1979-01-01,68.700,31.44,,70.200,,,,,,,,10724,,74.900,,
37,1979-02-01,69.200,,,71.000,,,,,,,,,,75.200,,
38,1979-03-01,69.400,,,71.400,,,,,,,,,,75.100,,
39,1979-04-01,70.100,32.61,,72.100,,,,,,,,,,75.200,,
40,1979-05-01,70.900,,,72.800,,,,,,,,,,76.000,,
41,1979-06-01,71.800,,,73.500,,,,,,,,,,76.100,,
42,1979-07-01,72.200,33.80,,74.000,,,,,,,,,,76.300,,
43,1979-08-01,73.000,,,74.500,,,,,,,,,,76.800,,
44,1979-09-01,74.100,,,75.400,,,,,,,,,,76.900,,
45,1979-10-01,74.700,34.05,,76.100,,,,,,,,,,77.700,,
46,1979-11-01,75.400,,,76.600,,,,,,,,,,78.500,,
47,1979-12-01,75.900,,,77.100,,,,,,,,,,78.900,,
48,1980-01-01,76.900,36.31,,78.200,,,,,,,,12015,,79.900,,
49,1980-02-01,77.300,,,78.900,,,,,,,,,,80.200,,
50,1980-03-01,78.500,,,80.000,,,,,,,,,,80.200,,
51,1980-04-01,79.000,37.57,,80.600,,,,,,,,,,80.200,,
52,1980-05-01,79.900,,,81.100,,,,,,,,,,81.000,,
53,1980-06-01,81.500,,,82.100,,,,,,,,,,81.300,,
54,1980-07-01,82.000,37.28,,82.600,,,,,,,,,,81.900,,
55,1980-08-01,82.500,,,83.300,,,,,,,,,,82.800,,
56,1980-09-01,82.100,,,83.600,,,,,,,,,,83.400,,
57,1980-10-01,82.500,37.18,,84.100,,,,,,,,,,83.500,,
58,1980-11-01,83.100,,,84.600,,,,,,,,,,84.600,,
59,1980-12-01,84.700,,,85.500,,,,,,,,,,85.700,,
60,1981-01-01,85.400,38.31,,86.300,,,,,,,,13426,,86.200,,
61,1981-02-01,86.400,,,87.400,,,,,,,,,,86.200,,
62,1981-03-01,86.400,,,87.800,,,,,,,,,,86.800,,
63,1981-04-01,86.800,39.92,,88.300,,,,,,,,,,86.800,,
64,1981-05-01,87.500,,,88.800,,,,,,,,,,86.900,,
65,1981-06-01,88.500,,,89.500,,,,,,,,,,87.500,,
66,1981-07-01,90.100,41.00,,90.800,,,,,,,,,,88.500,,
67,1981-08-01,91.300,,,91.600,,,,,,,,,,88.700,,
68,1981-09-01,93.200,,,93.000,,,,,,,,,,89.000,,
69,1981-10-01,92.600,40.86,,92.700,,,,,,,,,,89.600,,
70,1981-11-01,92.300,,,92.600,,,,,,,,,,90.700,,
71,1981-12-01,92.200,,,92.700,,,,,,,,,,91.100,,
72,1982-01-01,91.800,39.72,,92.900,,,,,,,,14544,,91.900,,
73,1982-02-01,91.400,,,93.100,,,,,,,,,,92.500,,
74,1982-03-01,90.000,,,92.500,,,,,,,,,,92.600,,
75,1982-04-01,90.800,42.15,,92.800,,,,,,,,,,92.600,,
76,1982-05-01,92.700,,,93.700,,,,,,,,,,93.200,,
77,1982-06-01,95.900,,,95.700,,,,,,,,,,93.000,,
78,1982-07-01,96.000,43.34,,95.900,,,,,,,,,,93.600,,
79,1982-08-01,96.700,,,96.300,,,,,,,,,,94.600,,
80,1982-09-01,97.300,,,97.100,,,,,,,,,,95.500,,
81,1982-10-01,100.000,43.50,,98.400,,,,,,,,,,96.900,,
82,1982-11-01,99.700,,,98.100,,,,,,,,,,96.900,,
83,1982-12-01,98.100,,,97.500,,,,,,,100.000,,,97.700,,
84,1983-01-01,98.400,44.36,,97.800,,,,,,,100.000,15629,,98.200,,
85,1983-02-01,98.400,,,98.000,,,,,,,100.100,,,98.500,,
86,1983-03-01,98.300,,,98.100,,,,,,,99.500,,,99.000,,
87,1983-04-01,99.700,45.57,,99.100,,,,,,,102.600,,,99.800,,
88,1983-05-01,100.000,,,99.400,,,,,,,103.000,,,99.700,,
89,1983-06-01,100.400,,,99.700,,,,,,,103.000,,,100.200,,
90,1983-07-01,100.800,48.10,,100.000,,,,,,,103.400,,,100.500,,
91,1983-08-01,100.400,,,100.100,,,,,,,102.600,,,100.600,,
92,1983-09-01,100.900,,,101.000,,,,,,,103.100,,,101.100,,
93,1983-10-01,101.200,49.89,,101.300,,,,,,,103.800,,,101.500,,
94,1983-11-01,101.800,,,101.700,,,,,,,105.200,,,102.000,,
95,1983-12-01,102.000,,,101.800,,,,,,,105.600,,,102.200,,
96,1984-01-01,102.700,51.48,,102.800,,,,,,,106.500,17216,,103.100,,
97,1984-02-01,103.500,,,103.400,,,,,,,107.400,,,103.300,,
98,1984-03-01,103.300,,,103.700,,,,,,,106.900,,,103.400,,
99,1984-04-01,104.000,54.41,,104.100,,,,,,,107.300,,,104.600,,
100,1984-05-01,103.800,,,104.100,,,,,,,107.300,,,105.000,,
101,1984-06-01,104.100,,,104.300,,,,,,,107.300,,,104.800,,
102,1984-07-01,104.900,56.40,,104.800,,,,,,,108.100,,,105.200,,
103,1984-08-01,105.500,,,105.500,,,,,,,109.400,,,106.100,,
104,1984-09-01,106.400,,,106.200,,,,,,,111.200,,,106.400,,
105,1984-10-01,105.800,59.38,,106.100,,,,,,,110.600,,,106.700,,
106,1984-11-01,106.900,,,106.500,,,,,,,112.300,,,108.400,,
107,1984-12-01,106.600,,,106.500,,,,,,,112.200,,,108.700,,
108,1985-01-01,106.500,62.08,,106.700,,,,,,,111.800,18376,,108.600,,
109,1985-02-01,107.100,,,107.300,,,,,,,112.800,,,108.600,,
110,1985-03-01,106.900,,,107.500,,,,,,,112.200,,,108.900,,
111,1985-04-01,107.400,65.17,,107.900,,,,,,,112.300,,,109.900,,
112,1985-05-01,108.100,,,108.100,,,,,,,113.200,,,110.600,,
113,1985-06-01,108.400,,,108.300,,,,,,,114.100,,,110.700,,
114,1985-07-01,108.500,67.90,,108.400,,,,,,,115.100,,,111.400,,
115,1985-08-01,109.600,,,109.200,,,,,,,117.200,,,112.700,,
116,1985-09-01,109.600,,,109.600,,,,,,,117.200,,,112.200,,
117,1985-10-01,109.400,71.26,,109.800,,,,,,,116.500,,,113.100,,
118,1985-11-01,111.200,,,110.700,,,,,,,118.500,,,115.300,,
119,1985-12-01,111.500,,,111.000,,,,,,,119.300,,,115.200,,
120,1986-01-01,112.000,75.13,,111.800,,,,,,,120.500,19590,,115.900,,
121,1986-02-01,111.600,,,111.500,,,,,,,121.200,,,116.100,,
122,1986-03-01,112.200,,,111.500,,,,,,,124.300,,,116.400,,
123,1986-04-01,112.000,80.11,,111.200,,,,,,,123.300,,,117.800,,
124,1986-05-01,111.100,,,110.900,,,,,,,122.300,,,117.900,,
125,1986-06-01,112.700,,,111.700,,,,,,,123.700,,,119.100,,
126,1986-07-01,113.700,85.14,,112.500,,,,,,,126.000,,,122.100,,
127,1986-08-01,113.900,,,112.700,,,,,,,126.300,,,122.300,,
128,1986-09-01,113.700,,,113.000,,,,,,,125.100,,,121.300,,
129,1986-10-01,113.600,89.07,,113.400,,,,,,,126.100,,,123.000,,
130,1986-11-01,113.100,,,113.300,,,,,,,125.900,,,122.800,,
131,1986-12-01,114.000,,,113.800,,,,,,,127.700,,,123.600,,
132,1987-01-01,115.200,93.92,74.67844016160800,114.700,,,,,,,128.200,21015,,125.400,,
133,1987-02-01,115.600,,76.04368700313400,115.300,,,,,,,128.600,,,125.600,,
134,1987-03-01,115.400,,77.23707531310500,115.800,,,,,,,128.600,,,125.300,,
135,1987-04-01,115.800,98.89,78.28152687558200,116.600,,,,,,,129.400,,,125.600,,
136,1987-05-01,117.100,,79.67533059395700,117.300,,,,,,,132.000,,,126.900,,
137,1987-06-01,118.000,,80.83980159022500,117.800,,,,,,,132.700,,,127.400,,
138,1987-07-01,118.300,102.53,81.69506698883200,117.900,,,,,,,132.700,,,128.600,,
139,1987-08-01,119.500,,82.22005795743600,118.900,,,,,,,135.000,,,129.200,,
140,1987-09-01,119.800,,82.38397594988100,119.800,,,,,,,135.500,,,129.400,,
141,1987-10-01,120.000,104.72,83.15640609510000,120.200,,,,,,,138.200,,,130.300,,
142,1987-11-01,120.300,,83.67733133226300,120.500,,,,,,,138.500,,,130.200,,
143,1987-12-01,121.500,,84.50134780794800,120.600,,,,,,,141.100,,,131.400,,
144,1988-01-01,123.200,106.89,84.32173033799000,121.300,3908.1731657858100,,,,,,143.100,23146,,132.700,,
145,1988-02-01,122.800,,84.49117858552600,121.100,3494.9646671539200,,,,,,141.900,,,132.700,,
146,1988-03-01,123.000,,84.47672472230000,121.500,4982.3428010509900,,,,,,142.600,,,132.500,,
147,1988-04-01,123.700,108.88,84.69031883261100,122.600,4796.3892673406500,,,,,,142.800,,,132.600,,
148,1988-05-01,124.300,,84.76242708438700,122.700,4158.0041807143100,,,,,,144.100,,,133.300,,
149,1988-06-01,124.900,,84.59877172814000,123.100,4167.6538879935400,,,,,,144.800,,,133.900,,
150,1988-07-01,125.800,108.77,84.50351963032500,123.600,3865.3502288750400,,,,,,146.000,,,135.400,,
151,1988-08-01,126.000,,84.59356456193100,124.200,3295.6766758592000,,,,,,146.700,,,135.600,,
152,1988-09-01,126.900,,84.57622095303500,126.000,3674.3617099956800,,,,,,147.800,,,136.600,,
153,1988-10-01,126.700,108.42,84.47921486761800,126.200,3366.0363897650700,,,,,,148.700,,,136.700,,
154,1988-11-01,126.900,,84.49091277411700,125.900,3595.3367664582700,,,,,,149.500,,,137.600,,
155,1988-12-01,127.100,,84.37502816418800,126.000,3435.8129198761000,,,,,,149.600,,,137.400,,
156,1989-01-01,128.200,108.65,84.48241826793100,127.000,3703.6314476586700,,,,,,150.400,24914,,138.700,,
157,1989-02-01,128.800,,84.26598824970600,127.600,2926.1238210555400,,,,,,150.300,,,139.000,,
158,1989-03-01,129.600,,84.19466161862100,128.900,3827.6990601005800,,,,,,150.500,,,139.400,,
159,1989-04-01,130.200,108.11,83.88087060196300,129.500,3537.5244541941000,,,,,,151.700,,,139.700,,
160,1989-05-01,131.100,,83.49424862531300,130.200,3540.6121936917300,,,,,,153.700,,,141.100,,
161,1989-06-01,132.200,,82.94658527935200,130.500,3892.1658451223300,,,,,,154.200,,,141.900,,
162,1989-07-01,132.700,108.23,82.17128637476800,130.600,2468.3869489109900,,,,,,155.300,,,142.500,,
163,1989-08-01,132.700,,81.93614834383000,130.900,3118.0685397148800,,,,,,156.100,,,142.800,,
164,1989-09-01,133.000,,81.53717607735200,132.200,2849.0335336140100,,,,,,157.100,,,144.000,,
165,1989-10-01,133.700,108.27,81.78816114249300,132.800,3268.5537717078100,,,,,,158.500,,,145.200,,
166,1989-11-01,134.500,,81.55034549502200,133.200,2089.4740700616800,,,,,,161.200,,,146.500,,
167,1989-12-01,135.300,,81.34384680645600,133.300,2529.5114687995800,,,,,,161.000,,,147.000,,
168,1990-01-01,136.300,106.87,81.03500328091800,135.100,2897.4292167454900,,8706055,,,,159.800,26612,,147.100,5.0,
169,1990-02-01,135.800,,80.98286107274800,135.300,2405.6200106969400,-0.52,8705549,,,,159.300,,,146.800,5.0,
170,1990-03-01,137.500,,80.80771442570700,136.600,1826.1701952489000,-1.63,8704786,,,,162.900,,,148.200,5.0,
171,1990-04-01,138.200,104.74,80.21306971658900,137.300,1856.5498316063600,-3.94,8703775,,,,164.100,,,149.000,5.0,
172,1990-05-01,138.300,,79.55356747068600,137.200,2075.7461877499400,-1.68,8703810,,,,165.100,,,150.100,5.0,
173,1990-06-01,138.300,,78.93322447063000,137.100,1719.5753189097700,-0.93,8705567,,,,164.300,,,150.100,5.1,
174,1990-07-01,140.300,103.73,78.29566605131800,138.400,1728.8352421203200,-1.49,8706445,,,,166.200,,,151.100,5.2,
175,1990-08-01,142.100,,77.55018300435100,140.000,2534.7458932626000,-1.79,8705799,,,,168.300,,,152.200,5.4,
176,1990-09-01,141.400,,76.67560321577200,140.800,1625.1621468432400,-3.48,8699836,,,,166.900,,,151.800,5.6,
177,1990-10-01,141.200,101.46,76.31226899131100,141.600,1522.5190814649000,-4.85,8687132,,,,166.800,,,152.200,5.8,
178,1990-11-01,140.800,,75.88182779919700,141.500,1502.1449490318500,-3.82,8669563,,,,165.800,,,152.800,6.1,
179,1990-12-01,141.100,,75.61630736753900,141.600,1647.9055647131400,-3.53,8650537,,,,166.700,,,153.100,6.2,
180,1991-01-01,143.600,100.94,74.74340913135100,143.000,1442.4515068699600,-5.20,8634065,,,,166.800,26426,,152.800,6.4,
181,1991-02-01,144.800,,74.10952487359300,143.600,1606.9127512395500,-3.62,8623275,,,,167.200,,,153.100,6.6,
182,1991-03-01,144.400,,73.57918283318300,143.400,1313.1092429641900,-3.35,8616922,,,,166.800,,,153.500,6.8,
183,1991-04-01,144.200,100.75,73.05444727501200,143.700,1702.4147954143800,-3.77,8612432,,,,168.200,,,154.500,7.0,
184,1991-05-01,144.400,,73.08762508329500,144.000,1629.4381453338800,-2.43,8607905,,,,170.000,,,154.800,7.1,
185,1991-06-01,145.500,,73.45791438747300,144.600,1534.8006721023300,-1.42,8601525,,,,171.400,,,155.300,7.2,
186,1991-07-01,147.400,100.28,73.91089357133900,145.200,1745.7133824526200,-1.89,8591569,,,,173.400,,,157.600,7.2,
187,1991-08-01,147.300,,74.24296782257300,145.400,1817.5490860161000,-1.00,8580140,,,,173.700,,,156.700,7.3,
188,1991-09-01,146.600,,74.38694895194200,145.800,1558.7590677904800,-0.45,8572279,,,,173.100,,,157.300,7.4,
189,1991-10-01,145.700,100.40,74.56342998978300,145.700,1763.2676047193200,-0.84,8570192,,,,172.700,,,157.200,7.6,
190,1991-11-01,147.200,,74.61713624055000,146.600,1692.1634844982000,-0.92,8573424,,,,175.300,,,157.400,7.8,
191,1991-12-01,147.400,,74.76801750635700,146.600,1731.2486943153400,-1.48,8579419,,,,174.900,,,157.400,8.0,
192,1992-01-01,148.300,101.53,74.75714854423200,147.300,2164.2833246998100,-1.38,8586560,,,,174.700,27894,,158.500,8.2,
193,1992-02-01,149.400,,74.81559116747600,148.000,1962.0921418614800,-1.55,8594820,,,,175.300,,,158.800,8.4,
194,1992-03-01,150.900,,74.95549492610500,149.100,1808.7440717845500,-1.48,8605077,,,,178.200,,,161.000,8.6,
195,1992-04-01,150.800,100.87,75.16757144519900,149.200,1556.0678943935600,-1.02,8616681,,,,179.400,,,160.700,8.8,
196,1992-05-01,150.200,,75.15159679646100,148.900,1594.3263220430900,-1.26,8625897,,,,178.100,,,160.200,9.0,
197,1992-06-01,151.600,,75.05673382613700,149.500,1821.7192610625500,-0.75,8630066,,,,178.300,,,160.000,9.2,
198,1992-07-01,152.400,101.40,74.96397425947800,149.900,1606.5801794766600,-0.04,8628679,,,,178.900,,,160.800,9.3,
199,1992-08-01,152.900,,75.10610663282000,150.800,1434.7838082443300,-0.44,8621668,,,,179.800,,,159.700,9.4,
200,1992-09-01,152.600,,75.08589931488200,151.400,1622.8607328673100,0.14,8610691,,,,179.900,,,160.300,9.4,
201,1992-10-01,152.600,101.87,75.05289529637100,152.100,1536.5351444933100,0.90,8599272,,,,182.200,,,162.100,9.3,
202,1992-11-01,152.600,,75.19315221701000,152.200,1526.2513023207500,0.49,8588796,,,,181.600,,,162.600,9.2,
203,1992-12-01,152.200,,75.40121116574300,151.900,1619.0417138942800,1.50,8579564,,,,181.500,,,162.800,9.1,
204,1993-01-01,153.500,101.48,75.74098727667900,153.000,1655.6614968678600,2.92,8572047,,,,182.400,28532,,162.900,9.0,
205,1993-02-01,153.800,,75.88738072297900,153.600,2097.7797827792600,2.09,8565229,,,,182.000,,,162.700,8.8,
206,1993-03-01,154.700,,75.98770285651400,154.100,1772.0633649500300,0.77,8560013,,,,182.600,,,164.000,8.6,
207,1993-04-01,154.600,102.02,76.06858870350300,154.000,1862.6088753728500,1.64,8556945,,,,182.800,,,164.300,8.5,
208,1993-05-01,154.700,,76.14312740436100,153.800,1855.5500658804000,1.72,8556519,,,,182.600,,,164.900,8.3,
209,1993-06-01,156.500,,76.33019992436100,154.200,1896.6986264837200,1.30,8558774,,,,184.300,,,166.100,8.3,
210,1993-07-01,156.700,102.38,76.31694981350900,154.300,2264.4553224807500,1.46,8561395,,,,184.200,,,166.100,8.2,
211,1993-08-01,157.200,,76.27555175922500,155.300,1828.4985571875400,1.45,8563213,,,,185.500,,,165.200,8.2,
212,1993-09-01,156.400,,76.33349722498300,155.300,2741.6373282230200,1.70,8564388,,,,184.600,,,164.600,8.1,
213,1993-10-01,156.200,102.72,76.50185046709400,155.500,2477.4706533616800,1.32,8565393,,,,184.900,,,165.000,8.1,
214,1993-11-01,155.600,,76.73839143755300,155.400,2550.5117707701400,1.30,8567189,,,,184.000,,,165.200,8.1,
215,1993-12-01,156.300,,76.80394511448400,155.600,3940.6635677776300,1.23,8569485,,,,185.200,,,166.200,8.0,
216,1994-01-01,157.100,102.59,76.84823092314900,156.000,1564.3278671978800,-0.16,8569968,,,,185.700,29273,,166.600,8.0,
217,1994-02-01,159.800,,76.91018125971800,157.400,1757.7472460751800,1.24,8566317,,,,190.000,,,168.100,7.8,
218,1994-03-01,160.300,,77.23951772052400,157.900,2587.8073802567600,3.17,8558569,,,,190.500,,,168.300,7.7,
219,1994-04-01,159.200,102.11,77.59430173296900,157.700,2521.7470624466700,4.34,8548756,,,,190.200,,,167.700,7.6,
220,1994-05-01,158.800,,77.96721674686600,157.300,2393.3493809593800,3.42,8540878,,,,189.300,,,168.200,7.4,
221,1994-06-01,159.500,,78.05827527239100,157.800,2776.8274668294300,2.82,8538085,,,,189.200,,,168.600,7.3,
222,1994-07-01,160.400,101.60,78.24129253368200,158.200,2647.6825924054300,2.71,8541564,,,,190.000,,,168.600,7.1,
223,1994-08-01,161.800,,78.34212840257500,159.100,2922.5447661556100,2.46,8549472,,,,192.800,,,169.800,7.0,
224,1994-09-01,160.900,,78.41461083508100,159.000,2565.2337615683800,2.01,8558920,,,,193.600,,,170.100,6.9,
225,1994-10-01,160.700,99.50,78.44565181530200,159.500,2520.9842325291400,1.70,8567495,,,,194.400,,,169.800,6.7,
226,1994-11-01,160.000,,78.38035212941000,159.400,2868.4807964647500,2.16,8574826,,,,193.800,,,169.700,6.6,
227,1994-12-01,159.700,,78.49056031264400,158.900,2670.5570098940500,1.95,8580791,,,,193.300,,,170.800,6.5,
228,1995-01-01,160.900,100.00,78.56928708681900,159.900,1983.2981427877400,1.71,8584827,,,,194.200,30869,,171.400,6.4,
229,1995-02-01,161.500,,78.78314557492100,160.300,1772.6289480330100,1.52,8587743,,,,194.200,,,171.700,6.5,
230,1995-03-01,162.000,,78.56712582969900,160.900,2760.7648614257900,1.10,8590684,,,,194.400,,,172.100,6.5,
231,1995-04-01,162.400,101.59,78.44575211126200,161.400,2348.0114840497600,0.35,8594498,,,,195.000,,,172.700,6.6,
232,1995-05-01,162.800,,78.43491222397300,161.800,2476.6062857005000,0.56,8600095,,,,195.800,,,173.200,6.7,
233,1995-06-01,163.900,,78.43181626140800,162.200,2151.0177794934300,0.48,8607119,,,,196.300,,,173.500,6.7,
234,1995-07-01,165.000,102.88,78.45318226241600,162.300,2022.7860680654300,-0.49,8615090,,,,196.900,,,173.900,6.7,
235,1995-08-01,165.000,,78.43677687318800,162.800,2313.9757747157200,1.59,8622554,,,,197.000,,,174.000,6.7,
236,1995-09-01,164.100,,78.50593275844000,163.200,2234.6048952253700,2.39,8627680,,,,197.000,,,174.200,6.7,
237,1995-10-01,164.200,102.99,78.67124512774500,163.600,2680.3599391754800,2.42,8631152,,,,197.600,,,174.500,6.7,
238,1995-11-01,164.400,,78.74480856969400,163.800,2760.7776932976300,1.45,8634498,,,,198.300,,,174.900,6.6,
239,1995-12-01,164.600,,78.85489945634700,163.700,2087.7797444147600,0.57,8641107,,,,198.700,,,175.200,6.6,
240,1996-01-01,166.600,104.65,78.95019528485200,164.800,1841.2048670075000,0.13,8654515,,,,199.300,32507,,175.600,6.7,
241,1996-02-01,166.900,,79.21841253003800,165.700,2103.6841900493700,3.34,8675261,,,,199.300,,,176.300,6.7,
242,1996-03-01,167.400,,79.50162266477300,166.500,2454.0943382055900,2.22,8700834,,,,199.700,,,176.500,6.7,
243,1996-04-01,166.400,104.53,79.60855295496700,166.000,2809.3477480645900,1.91,8727326,,,,199.700,,,176.700,6.7,
244,1996-05-01,166.700,,79.77581821296600,166.400,3466.4368071671500,3.07,8751759,,,,200.000,,,177.300,6.7,
245,1996-06-01,167.400,,79.36632992734400,166.500,2576.0442607171800,2.93,8773833,,,,200.000,,,177.800,6.6,
246,1996-07-01,168.400,103.76,79.43090487595300,166.700,3264.6340248296900,1.96,8795960,,,,200.900,,,178.900,6.5,
247,1996-08-01,168.900,,79.56291342289300,167.200,3790.7354801923000,2.51,8820820,,,,201.100,,,179.100,6.4,
248,1996-09-01,168.300,,79.75952960627300,168.200,2969.9136810494500,2.09,8847776,,,,201.600,,,179.400,6.5,
249,1996-10-01,168.200,104.07,79.89128321776700,168.200,3444.9389457990400,2.08,8874819,,,,202.500,,,179.800,6.5,
250,1996-11-01,168.200,,79.91657944872900,168.400,2988.7130339407600,1.91,8900405,,,,202.800,,,180.600,6.6,
251,1996-12-01,168.900,,80.19763523367200,168.500,3174.6273751931700,1.62,8923473,,,,203.100,,,181.000,6.7,
252,1997-01-01,169.800,104.69,80.43598953371500,169.100,3229.6219089848800,1.50,8943344,,,,203.000,34296,,181.200,6.8,
253,1997-02-01,170.900,,80.59488104738500,170.100,3313.6229470147800,2.25,8960466,,,,203.900,,,182.000,6.8,
254,1997-03-01,171.200,,80.58976511248700,170.700,2805.8816641722800,2.91,8975839,,,,204.500,,,182.600,6.7,
255,1997-04-01,170.500,105.73,80.67444212931200,170.200,3012.6642669214400,2.43,8991344,,,,204.700,,,183.100,6.7,
256,1997-05-01,170.200,,80.95413612498100,169.900,2829.1308461831100,2.20,9006002,,,,205.200,,,183.600,6.6,
257,1997-06-01,171.300,,81.39361118472200,170.300,2930.8206610603400,2.63,9017431,,,,205.900,,,184.000,6.6,
258,1997-07-01,172.500,106.94,81.77725282884800,170.800,3153.3149877257800,3.07,9024745,,,,206.900,,,184.600,6.5,
259,1997-08-01,172.700,,81.94290438103300,170.800,2499.0240462675600,2.92,9028752,,,,207.500,,,185.500,6.4,
260,1997-09-01,172.500,,82.06119031134700,171.700,3233.2296328800900,2.83,9031398,,,,207.800,,,185.700,6.3,
261,1997-10-01,172.600,108.02,82.34191383993100,172.300,2674.4443773569000,2.71,9034583,,,,208.600,,,186.400,6.2,
262,1997-11-01,172.700,,82.82154845680500,172.000,2666.1863313337100,2.89,9038768,,,,209.300,,,186.800,6.1,
263,1997-12-01,173.400,,83.27303383811600,171.900,3832.0984216816600,3.10,9044172,,,,210.200,,,187.500,6.0,
264,1998-01-01,174.000,110.14,83.73016857427600,172.100,3460.0626067491300,2.90,9049750,,,,210.800,36183,,187.900,6.0,
265,1998-02-01,174.500,,84.41217817298300,172.700,2861.7555605407700,2.46,9053297,,,,211.200,,,188.600,5.9,
266,1998-03-01,174.900,,84.94315268321200,173.000,2950.7309962296400,2.17,9051882,,,,211.500,,,188.800,5.8,
267,1998-04-01,174.700,111.49,85.41657141692600,173.000,2746.4644242703100,2.61,9045364,,,,211.700,,,188.800,5.6,
268,1998-05-01,174.800,,85.98712447294900,173.000,2694.7575574616100,2.61,9037221,,,,212.600,,,189.600,5.5,
269,1998-06-01,176.100,,86.48242457733500,173.100,3728.9924894068000,2.59,9031736,,,,213.300,,,190.200,5.4,
270,1998-07-01,176.800,113.07,87.16118159585400,173.600,3314.2268030007200,2.75,9031835,,,,213.800,,,190.800,5.3,
271,1998-08-01,177.100,,87.66588378043700,174.200,3294.9536057502000,1.92,9039727,,,,214.800,,,191.400,5.3,
272,1998-09-01,176.800,,88.22857937049200,174.400,3465.9935124354500,2.01,9056195,,,,215.000,,,191.800,5.3,
273,1998-10-01,177.100,114.14,88.73920366295600,174.800,5037.9547794456100,2.32,9078108,,,,215.700,,,192.500,5.3,
274,1998-11-01,177.200,,89.25960101590900,174.700,3552.4140897228400,2.31,9100820,,,,216.200,,,193.700,5.3,
275,1998-12-01,177.300,,89.55840018650800,174.700,3736.6111474433900,2.97,9119796,,,,216.800,,,194.200,5.2,
276,1999-01-01,177.700,116.41,89.85618877229900,175.000,3916.1560522405100,4.43,9132209,,,,217.000,37914,,194.400,5.2,
277,1999-02-01,178.400,,90.51220581381700,175.100,3892.1287226112900,3.13,9138799,,,,217.200,,,194.900,5.1,
278,1999-03-01,178.300,,91.28555714131500,175.500,4075.5110143735500,2.15,9141841,,,,217.300,,,195.300,5.1,
279,1999-04-01,178.500,118.72,92.27485257412500,176.000,3694.9903571485600,2.37,9143271,,,,217.800,,,195.500,5.1,
280,1999-05-01,178.400,,93.00047427870200,176.100,3514.7562094120700,1.51,9144779,,,,218.100,,,195.900,5.2,
281,1999-06-01,179.700,,94.03504644560800,176.800,4321.1242828223100,1.85,9148381,,,,218.300,,,195.900,5.2,
282,1999-07-01,180.400,123.38,94.93969633804900,177.200,3321.7907107702400,2.21,9156404,,,,218.700,,,196.500,5.2,
283,1999-08-01,180.400,,96.02420195569400,177.600,3981.2545597090600,2.19,9165475,,,,219.800,,,197.000,5.1,
284,1999-09-01,180.600,,96.79117337172400,178.200,3524.2321456593300,1.64,9174660,,,,219.900,,,197.300,5.0,
285,1999-10-01,180.500,125.93,97.59161822397000,178.900,2966.6820544947700,2.53,9181668,,,,220.100,,,198.300,4.9,
286,1999-11-01,181.200,,98.40007902740700,178.800,3674.3725001273600,2.98,9183041,,,,221.200,,,200.400,4.9,
287,1999-12-01,181.000,,99.35198077567200,178.600,3786.6217338546800,3.04,9182459,,,,222.000,,,201.300,4.9,
288,2000-01-01,182.900,129.67,100.33923115020800,179.300,4826.6302638142000,2.94,9216958,,,,223.500,41002,18352.743,202.500,4.5,
289,2000-02-01,184.800,,101.24065548732500,180.500,4281.2605536853100,2.60,9218580,,,,223.500,,,202.600,4.5,
290,2000-03-01,184.900,,102.06062877588100,181.500,4064.8019939233600,2.99,9220960,,,,223.400,,,203.200,4.5,
291,2000-04-01,184.200,133.60,103.13250171577900,181.400,4528.0744671817600,2.68,9218022,,,,223.600,,,203.000,4.5,
292,2000-05-01,183.900,,104.91586962109400,181.400,3541.8133226528900,1.63,9210437,,,,223.500,,,203.500,4.5,
293,2000-06-01,185.800,,106.06468444623500,182.000,3767.5539614655700,1.87,9199982,,,,224.100,,,204.300,4.4,
294,2000-07-01,187.500,137.90,107.02028046346600,182.800,3416.4683241376800,0.76,9188180,,,,224.200,,,205.600,4.4,
295,2000-08-01,186.800,,108.02473735881900,183.100,3104.0721640611300,1.48,9182419,,,,224.900,,,206.400,4.4,
296,2000-09-01,187.800,,108.82550408437100,184.400,4436.9801226837500,2.91,9184722,,,,225.900,,,207.800,4.4,
297,2000-10-01,187.700,140.31,109.78601165600600,184.600,3774.4002003389200,2.37,9194807,,,,226.500,,,208.300,4.3,
298,2000-11-01,188.500,,110.63671302829900,184.600,4534.5685689463300,2.12,9209589,,,,227.000,,,208.500,4.2,
299,2000-12-01,188.400,,111.83960845514500,184.200,3309.6340733876700,1.74,9223855,,,,227.300,,,209.200,4.2,
300,2001-01-01,189.700,144.01,112.93628194163500,184.900,3222.2615547908700,0.47,9232579,,,,227.300,42296,18490.029,209.900,4.1,948779.075
301,2001-02-01,189.800,,114.25193999220500,185.300,5319.2493385484800,0.67,9233814,,,,228.000,,,211.300,4.1,
302,2001-03-01,191.300,,115.31417956461100,186.400,3935.2595721136900,0.07,9227816,,,,230.300,,,211.800,4.1,
303,2001-04-01,191.600,147.38,116.36491309449000,186.600,3817.6145725058000,-0.43,9217781,,,,231.400,,,212.500,4.2,
304,2001-05-01,191.500,,116.97817701526300,187.300,3282.2891413451200,0.01,9209684,,,,232.100,,,212.900,4.3,
305,2001-06-01,193.700,,118.07503879528800,188.300,3060.9678709374300,-0.46,9207234,,,,233.200,,,213.200,4.4,
306,2001-07-01,194.300,152.05,119.22319995414200,187.800,4061.5508903246600,-1.91,9212320,,,,234.000,,,213.700,4.7,
307,2001-08-01,194.600,,120.58635593103800,188.100,4015.3176481636100,-2.37,9222395,,,,235.700,,,214.000,4.9,
308,2001-09-01,193.700,,121.98300373494600,188.000,3323.9439234795000,-3.48,9235540,,,,236.500,,,214.700,5.2,
309,2001-10-01,193.100,155.04,123.09495809340200,187.800,3796.0398941464400,-3.87,9250687,,,,238.200,,,215.100,5.5,
310,2001-11-01,194.100,,124.40453630579000,187.800,4184.8421913819800,-2.17,9266787,,,,240.800,,,216.600,5.8,
311,2001-12-01,194.300,,124.57552701341200,187.300,4018.0281563695700,-1.18,9284604,,,,242.400,,,217.800,6.0,
312,2002-01-01,196.400,159.42,125.38001734688900,188.500,4145.2897313688100,-0.49,9303626,,,,243.400,42019,18590.085,218.400,6.2,962894.133
313,2002-02-01,197.600,,126.09768261165400,189.900,4394.7545829627400,0.30,9320796,,,,245.000,,,219.600,6.3,
314,2002-03-01,199.200,,127.32041244564400,191.100,3102.7507579178600,0.14,9332662,,,,245.700,,,220.700,6.4,
315,2002-04-01,199.200,165.16,128.69280980977400,191.800,3827.1339508463900,0.11,9338380,,,,246.200,,,221.000,6.4,
316,2002-05-01,198.700,,130.48467029637100,191.400,4894.3618221706000,0.27,9339709,,,,247.000,,,222.100,6.4,
317,2002-06-01,200.100,,132.49558050877900,191.500,3929.2499592432700,0.11,9339622,,,,248.100,,,222.700,6.3,
318,2002-07-01,200.800,170.64,134.85443853673600,192.000,4889.0824524414100,0.57,9339891,,,,249.900,,,223.400,6.3,
319,2002-08-01,201.900,,137.00335589589700,193.100,3779.8015163025400,0.74,9342845,,,,250.600,,,224.100,6.3,
320,2002-09-01,201.100,,138.82669807196900,193.300,4248.4614843417300,0.39,9349888,,,,251.700,,,224.700,6.3,
321,2002-10-01,201.900,174.24,140.80189604077600,193.700,4102.5726684294000,0.23,9357855,,,,253.600,,,226.300,6.4,
322,2002-11-01,201.000,,142.84376790816800,193.400,3431.5631154583100,0.02,9364505,,,,254.200,,,227.100,6.5,
323,2002-12-01,200.800,,144.91409686949400,193.100,3997.3386639616300,-0.08,9367042,,,,254.600,,,227.800,6.5,
324,2003-01-01,204.600,177.89,146.63931112129800,194.700,3474.0644974663300,-0.04,9365320,,,,256.200,42411,18671.320,229.000,6.5,983163.120
325,2003-02-01,205.400,,147.93700707891800,196.200,3935.4546745361700,-0.44,9360888,,,,257.000,,,229.600,6.6,
326,2003-03-01,207.600,,149.21565497081000,197.100,3805.5471004008700,0.02,9353905,,,,257.200,,,230.000,6.5,
327,2003-04-01,206.700,181.37,150.33923143900400,196.700,3867.8043256533100,0.32,9343291,,,,256.500,,,230.900,6.6,
328,2003-05-01,207.200,,151.49146771761700,196.800,4653.4645656585900,0.42,9329657,,,,257.700,,,231.200,6.6,
329,2003-06-01,207.900,,152.24691827868600,196.900,3333.5215884674200,0.32,9317185,,,,257.800,,,232.300,6.6,
330,2003-07-01,208.800,184.71,153.28988814367200,197.700,3778.4175721933500,1.06,9308887,,,,259.200,,,233.800,6.6,
331,2003-08-01,210.300,,154.48702441567800,199.100,4825.4557285531900,0.93,9305784,,,,260.100,,,234.500,6.6,
332,2003-09-01,208.700,,156.36301928325600,199.600,4034.6392973518400,1.23,9307369,,,,261.700,,,235.000,6.5,
333,2003-10-01,209.900,194.26,157.97717598426800,200.000,4902.5839028122500,1.15,9313109,,,,263.500,,,235.300,6.5,
334,2003-11-01,209.500,,160.01690516499600,199.400,3709.6058682021400,0.94,9322210,,,,264.900,,,236.700,6.4,
335,2003-12-01,209.800,,161.89531936453200,199.300,4916.7862837970900,0.73,9332077,,,,265.700,,,237.500,6.3,
336,2004-01-01,211.900,198.66,163.64353684420100,199.900,3721.8349296563800,0.72,9340457,,,,266.300,44393,18747.431,237.600,6.2,1034450.218
337,2004-02-01,212.400,,165.45066909432900,201.100,3899.5425278131900,1.79,9348101,,,,266.200,,,238.900,6.2,
338,2004-03-01,214.600,,167.47891394156700,203.400,4356.8836025889400,2.26,9358655,,,,267.300,,,239.900,6.1,
339,2004-04-01,216.200,205.47,169.13852183985000,204.000,4713.0937932534700,1.56,9372306,,,,269.300,,,241.300,6.0,
340,2004-05-01,215.600,,171.14413110856700,204.400,4828.8030428025700,1.91,9386976,,,,269.900,,,242.700,5.9,
341,2004-06-01,218.400,,173.34758887611500,206.000,4698.5187945978900,2.21,9400144,,,,270.400,,,243.300,5.7,
342,2004-07-01,218.500,219.16,175.64859684320100,205.500,5026.8262741551600,2.58,9411395,,,,271.300,,,244.500,5.6,
343,2004-08-01,219.000,,177.28431440099100,205.700,4476.7523352309100,1.70,9420431,,,,272.000,,,245.100,5.4,
344,2004-09-01,218.200,,179.12208473501900,205.900,4616.9601588732000,1.20,9426915,,,,272.800,,,246.300,5.3,
345,2004-10-01,219.300,224.19,181.12581677322500,207.300,4488.3144984534800,0.98,9430438,,,,272.800,,,246.900,5.2,
346,2004-11-01,218.400,,182.92980133285500,207.200,5470.2856254133200,1.16,9430860,,,,272.800,,,247.300,5.1,
347,2004-12-01,218.400,,184.60069768077800,206.800,4759.2321863444300,1.29,9431767,,,,273.800,,,248.600,5.0,
348,2005-01-01,221.400,231.03,187.17347503129500,208.100,5016.4777628552700,0.71,9435320,,,,274.100,46445,18798.114,250.000,4.9,1096833.984
349,2005-02-01,222.100,,189.79327929070000,208.900,4995.8150199151400,0.88,9441055,,,,275.400,,,251.100,4.9,
350,2005-03-01,228.500,,193.18711148705600,212.400,5038.8164911807400,1.67,9448846,32.90%,214701.0,0.90%,275.400,,,251.800,4.8,
351,2005-04-01,227.400,241.37,195.16233475993700,212.500,6605.9697270793200,2.61,9460712,,,,276.000,,,252.500,4.8,
352,2005-05-01,224.400,,196.73245426821900,211.400,5365.3968216486200,1.27,9477793,,,,276.100,,,253.600,4.7,
353,2005-06-01,224.900,,198.19761193665300,210.700,5878.0659964806900,1.42,9498392,32.90%,215976.0,0.80%,276.600,,,255.300,4.8,
354,2005-07-01,227.200,250.57,199.81181430515800,212.500,4988.9076971812300,1.52,9519933,,,,277.100,,,257.300,4.8,
355,2005-08-01,227.900,,201.50055663648000,214.100,5189.5715131246100,1.63,9539153,,,,277.000,,,258.300,4.9,
356,2005-09-01,226.600,,204.07507198129500,215.800,5753.9146275336800,0.79,9553728,32.70%,218751.0,0.90%,278.100,,,259.600,5.0,
357,2005-10-01,230.100,258.22,206.68070147603900,216.600,4384.3770216732800,-0.09,9562754,,,,277.700,,,261.500,5.0,
358,2005-11-01,229.300,,209.32312262626100,215.300,5769.9567717721100,1.59,9566618,,,,278.200,,,262.400,5.0,
359,2005-12-01,228.500,,212.05440825492800,214.200,4799.3406671072600,2.45,9566144,32.50%,222198.0,0.90%,278.400,,,261.900,4.9,
360,2006-01-01,230.600,263.64,213.50693015326800,215.900,5831.1341015994400,3.04,9564415,,,,280.100,50442,18825.633,262.400,4.9,1152815.433
361,2006-02-01,230.900,,215.05629958037900,216.400,6240.0350808572200,2.11,9564617,,,,282.700,,,264.700,4.8,
362,2006-03-01,233.400,,215.71934099411300,218.200,5852.0655866621200,2.02,9568033,33.40%,226778.0,0.90%,285.000,,,265.600,4.8,
363,2006-04-01,236.000,265.86,216.43353422727500,220.200,4700.0948315713400,1.41,9573543,,,,288.700,,,266.800,4.8,
364,2006-05-01,237.800,,216.61966399690500,221.600,4978.3361361706300,1.61,9578583,,,,291.500,,,267.800,4.8,
365,2006-06-01,240.600,,216.19557545463200,222.600,4541.4928384692200,1.47,9581818,33.60%,228868.0,0.90%,294.000,,,269.200,4.7,
366,2006-07-01,242.100,267.87,215.05063057706800,223.100,4545.7055581748600,0.85,9584250,,,,295.200,,,269.600,4.6,
367,2006-08-01,243.100,,213.09796305522400,224.100,5644.9868139656200,1.30,9588864,,,,296.800,,,271.200,4.5,
368,2006-09-01,241.400,,213.02635043940400,222.900,4939.9451613491000,1.48,9596756,33.70%,231142.0,1.00%,297.300,,,273.000,4.4,
369,2006-10-01,239.900,269.59,213.02894244613200,221.700,4275.7045625686500,1.45,9606543,,,,297.800,,,273.300,4.3,
370,2006-11-01,239.700,,213.16102046980300,220.900,4456.1212421337200,1.82,9615418,,,,298.400,,,274.800,4.2,
371,2006-12-01,240.800,,213.25477280221200,221.300,4594.4301199708600,2.52,9619962,33.20%,235123.0,1.10%,297.500,,,276.100,4.2,
372,2007-01-01,241.419,270.61,212.91240126989600,221.767,5544.8944141713900,2.68,9618794,,,,298.429,54313,18901.167,277.140,4.2,1197369.232
373,2007-02-01,242.692,,213.31524283797400,223.066,4531.3149860767400,1.41,9614256,,,,299.067,,,277.634,4.2,
374,2007-03-01,244.042,,214.25103168454100,224.551,4555.3393917031000,1.56,9608510,33.40%,237993.0,1.20%,300.334,,,277.974,4.2,
375,2007-04-01,244.436,270.16,213.60363140243300,225.780,4987.9648446657500,1.62,9604985,,,,300.506,,,278.752,4.3,
376,2007-05-01,245.293,,211.87852572810600,227.146,4382.6945328114200,1.90,9606085,,,,300.992,,,280.083,4.4,
377,2007-06-01,248.228,,209.70913346897600,228.258,4632.8186056501700,1.60,9612145,33.80%,238988.0,1.30%,302.162,,,281.291,4.4,
378,2007-07-01,249.798,267.00,207.77423535977900,228.628,5124.7882502569300,0.91,9621715,,,,302.093,,,281.457,4.5,
379,2007-08-01,249.191,,205.37418837781300,228.326,4379.2351396767500,0.52,9634702,,,,303.877,,,282.562,4.5,
380,2007-09-01,247.319,,204.86611370467500,228.308,4154.7112059248500,0.73,9651002,34.10%,242500.0,1.60%,304.916,,,284.155,4.5,
381,2007-10-01,246.949,266.34,203.95983978269700,228.552,4864.6900919948800,1.68,9669249,,,,305.234,,,285.604,4.5,
382,2007-11-01,247.906,,203.29696297051300,229.504,4412.5541158184000,1.67,9687609,,,,305.934,,,286.418,4.6,
383,2007-12-01,247.786,,201.72022836371200,229.395,3898.8879671607600,1.65,9705271,33.70%,243724.0,2.00%,306.658,,,287.618,4.6,
384,2008-01-01,248.563,265.90,200.80614177565800,229.869,4480.4482856765200,2.69,9720310,,,,306.943,54869,18968.501,288.886,4.6,1189170.994
385,2008-02-01,250.328,,199.44753553486900,231.020,3561.6927482354000,1.43,9731053,,,,307.776,,,289.775,4.7,
386,2008-03-01,252.586,,198.83347332357500,233.122,3055.1494930052000,0.47,9738759,34.10%,244977.0,2.40%,308.414,,,290.943,4.7,
387,2008-04-01,252.200,259.22,197.14471918261600,233.822,3534.5034568231100,0.15,9746372,,,,309.225,,,291.938,4.8,
388,2008-05-01,253.161,,195.84414000592100,236.151,5865.2868030321000,-0.81,9756304,,,,310.265,,,292.639,4.9,
389,2008-06-01,257.051,,194.84202311671200,238.580,14046.3448929701000,-0.75,9769980,34.20%,245467.0,2.60%,312.623,,,294.696,5.0,
390,2008-07-01,259.706,250.82,192.56213153259300,240.273,3311.4217574251900,-0.64,9785857,,,,313.335,,,297.326,5.2,
391,2008-08-01,260.568,,191.07170895860800,240.550,1783.4314045932500,-1.06,9801112,,,,314.378,,,299.103,5.4,
392,2008-09-01,258.439,,189.65641613333000,240.089,2374.4404673695700,-1.91,9813230,34.20%,245911.0,2.90%,314.933,,,299.508,5.6,
393,2008-10-01,257.047,248.28,187.80955619936800,238.403,1894.6588612851200,-3.04,9821166,,,,315.708,,,301.253,5.9,
394,2008-11-01,254.912,,185.50705709623500,234.498,1499.1268219506300,-4.05,9824111,,,,316.402,,,302.313,6.2,
395,2008-12-01,255.615,,183.31560040662700,233.012,1483.1878320023200,-4.83,9823512,33.80%,251274.0,3.60%,317.595,,,303.511,6.7,
396,2009-01-01,256.339,248.46,181.57184351242300,233.402,1280.5065296892500,-5.21,9822114,,,,317.430,52897,19069.796,304.403,7.1,1225294.699
397,2009-02-01,256.561,,179.34483094157000,234.663,1458.2661760385100,-4.88,9823056,,,,317.982,,,305.125,7.6,
398,2009-03-01,257.491,,176.19962382750500,235.067,1229.9650797015200,-4.87,9827687,34.10%,252739.0,4.40%,319.755,,,306.714,8.0,
399,2009-04-01,257.062,242.16,173.36844400883500,235.582,1390.1327863762900,-3.97,9834838,,,,320.205,,,307.816,8.3,
400,2009-05-01,256.573,,172.86605947961300,235.975,1017.2185206875000,-2.30,9840578,,,,320.917,,,308.207,8.6,
401,2009-06-01,257.537,,172.25214200481000,237.172,1324.6267774231700,-2.17,9841732,33.80%,252056.0,5.20%,320.054,,,308.199,8.8,
402,2009-07-01,258.912,235.47,172.29021760557000,237.600,1207.3412866849600,-1.71,9834828,,,,320.895,,,308.110,8.9,
403,2009-08-01,258.755,,172.31606556467100,238.282,1126.2261377564400,-1.48,9819707,,,,321.246,,,308.218,9.0,
404,2009-09-01,256.970,,172.42512905725100,238.568,1300.1798291288300,-0.95,9800326,33.60%,251608.0,5.80%,319.404,,,307.895,9.2,
405,2009-10-01,256.273,233.55,172.38408382895200,238.380,1140.7213754814800,-0.31,9780578,,,,319.705,,,307.574,9.2,
406,2009-11-01,256.464,,171.76964802287600,238.777,1452.2828447795200,0.00,9767471,,,,319.987,,,308.977,9.3,
407,2009-12-01,256.523,,171.96764321334900,238.427,1563.3917449708200,0.37,9766464,33.40%,250605.0,6.40%,320.430,,,309.229,9.3,
408,2010-01-01,257.261,231.93,172.36004816721300,238.970,1080.6501399932500,0.07,9776114,,,,320.601,54632,18923.407,309.408,9.3,1284183.559
409,2010-02-01,257.077,,172.44714535996500,238.862,1364.5411177787400,0.68,9794155,,,,320.966,,,309.841,9.2,
410,2010-03-01,257.820,,172.28099292753700,240.101,1566.3291558053100,2.21,9812912,33.80%,251165.0,6.80%,321.234,,,311.085,9.1,
411,2010-04-01,257.869,230.51,171.94674934461700,240.529,1121.3531235600100,3.60,9827584,,,,320.538,,,311.378,9.0,
412,2010-05-01,258.555,,172.28867025981600,241.075,1367.5277462749600,2.06,9834902,,,,321.023,,,311.918,8.9,
413,2010-06-01,259.514,,172.55724794316500,240.817,1846.7228328939500,1.42,9834518,33.50%,253127.0,6.80%,322.049,,,313.115,8.8,
414,2010-07-01,260.421,231.82,172.82749292908700,241.147,1296.9379945869300,0.98,9828449,,,,322.082,,,314.997,8.8,
415,2010-08-01,259.997,,171.85971246534700,241.569,1368.5818487761400,1.13,9820051,,,,321.946,,,316.329,8.7,
416,2010-09-01,258.871,,171.60213272303600,241.485,1494.7924465037300,1.24,9810203,33.50%,253141.0,6.90%,321.175,,,316.545,8.7,
417,2010-10-01,258.468,232.14,169.28903086596200,241.981,1609.2818068546400,1.65,9800085,,,,321.471,,,317.286,8.7,
418,2010-11-01,258.216,,168.78051797159800,241.960,1029.0117370556900,1.56,9789728,,,,321.705,,,317.192,8.7,
419,2010-12-01,258.702,,168.30554241811100,241.874,2620.4513871258300,1.61,9779520,32.70%,252742.0,7.10%,321.723,,,317.341,8.7,
420,2011-01-01,259.081,229.05,167.19073351541800,242.639,1540.4853400883000,1.58,9772879,,,,322.013,57452,19052.774,316.333,8.6,1309603.152
421,2011-02-01,259.198,,166.61547485427600,243.832,1361.1434270052200,2.30,9769710,,,,321.957,,,316.629,8.5,
422,2011-03-01,259.985,,165.52785372949900,245.617,1619.6418262831900,2.73,9769092,33.00%,252929.0,7.30%,322.572,,,318.089,8.5,
423,2011-04-01,260.194,225.57,167.11063393409500,246.489,1550.1170178143200,2.99,9770718,,,,323.545,,,318.941,8.5,
424,2011-05-01,261.585,,166.83664137530700,248.073,2595.3945222252900,2.41,9776502,,,,324.271,,,319.343,8.5,
425,2011-06-01,263.038,,166.28687961195600,248.505,2437.2375214054600,2.02,9787381,33.10%,251647.0,7.10%,325.157,,,320.554,8.5,
426,2011-07-01,264.345,224.47,167.03908455417500,249.164,1361.3223866109500,2.23,9803305,,,,326.405,,,321.621,8.6,
427,2011-08-01,264.070,,166.69134463629200,250.058,1705.8928548387900,1.75,9822286,,,,327.383,,,322.568,8.6,
428,2011-09-01,263.675,,166.94791697079900,250.559,1123.3139744506600,1.65,9841259,33.00%,250774.0,7.20%,327.590,,,322.860,8.7,
429,2011-10-01,262.854,225.33,165.14164906723100,250.051,1550.4560832605000,1.44,9857348,,,,327.983,,,323.820,8.7,
430,2011-11-01,262.528,,164.31236731208000,249.317,1913.0758728319000,2.22,9867251,,,,327.849,,,324.090,8.7,
431,2011-12-01,261.610,,162.98515519432600,248.307,1800.3118521404400,2.67,9870623,32.50%,249382.0,7.40%,327.263,,,323.923,8.8,
432,2012-01-01,262.677,223.90,162.10406037177600,249.322,2116.9380412212800,3.22,9872079,,,,327.973,60160,19149.689,324.920,8.8,1401401.443
433,2012-02-01,262.504,,161.13348489569600,250.285,2659.1286859709600,2.67,9876719,,,,327.659,,,324.670,8.8,
434,2012-03-01,263.648,,160.56006197069900,251.887,1899.1528920783700,1.52,9885799,32.80%,247847.0,7.50%,328.833,,,325.323,8.9,
435,2012-04-01,263.310,221.36,160.97814624614300,252.349,2610.4282449887400,0.39,9896538,,,,329.059,,,326.117,8.9,
436,2012-05-01,264.114,,161.72052994759100,252.652,1996.5352136316700,1.48,9907947,,,,329.833,,,327.492,8.9,
437,2012-06-01,265.684,,162.56187481595000,252.406,1987.3209265408000,1.55,9918166,32.50%,247326.0,7.50%,330.658,,,328.237,8.9,
438,2012-07-01,265.403,222.44,162.59070302394200,252.016,2630.4722604443200,1.13,9925952,,,,331.019,,,328.979,8.8,
439,2012-08-01,266.008,,162.94765484403000,253.472,2036.0294801016500,2.34,9933265,,,,331.857,,,329.964,8.7,
440,2012-09-01,266.552,,163.34842639236700,254.554,2508.9955275677100,2.50,9942588,32.20%,246949.0,7.50%,332.300,,,330.906,8.6,
441,2012-10-01,265.971,222.95,163.11589005786200,254.277,2435.8542169117900,1.72,9951882,,,,332.931,,,331.459,8.6,
442,2012-11-01,266.862,,162.49753562618400,254.285,1876.4925976927500,1.45,9957967,,,,333.356,,,331.472,8.5,
443,2012-12-01,267.015,,162.70269426867300,253.555,2332.6125248660300,4.02,9958241,32.00%,246092.0,6.90%,334.204,,,332.255,8.5,
444,2013-01-01,268.881,223.56,162.79129687376800,254.807,3743.6818588640100,3.55,9953074,,,,334.770,60684,19226.449,332.991,8.4,1447038.040
445,2013-02-01,269.260,,163.76779486508600,256.234,2224.5068391984900,3.17,9947318,,,,335.296,,,334.895,8.3,
446,2013-03-01,269.193,,163.30088025614700,256.589,1782.9362209186000,2.83,9947695,31.60%,245114.0,6.90%,335.496,,,336.693,8.2,
447,2013-04-01,268.403,223.95,164.80586002611000,255.967,3177.4769063823200,2.56,9957571,,,,335.659,,,336.492,8.1,
448,2013-05-01,269.517,,166.01836777764500,256.270,3311.4230017491800,1.90,9973261,,,,336.084,,,337.590,8.0,
449,2013-06-01,270.574,,167.08325092703300,256.911,2891.8787680733500,2.12,9987988,30.70%,247132.0,7.10%,336.739,,,338.117,8.0,
450,2013-07-01,271.114,225.38,167.91131624875800,257.326,3198.3627704211200,2.70,9996341,,,,336.813,,,338.450,8.0,
451,2013-08-01,271.752,,168.93643902298700,257.659,4343.8974343590900,2.78,9992313,,,,339.422,,,339.926,7.9,
452,2013-09-01,272.914,,170.34487871356600,258.504,2835.0705018703800,2.79,9974516,30.50%,246779.0,6.70%,340.509,,,340.556,7.7,
453,2013-10-01,271.244,226.65,171.40486394605300,257.069,3598.6952935014300,3.19,9949701,,,,341.759,,,341.629,7.5,
454,2013-11-01,271.864,,172.48906851236600,257.377,3414.9642263333500,3.06,9923956,,,,343.260,,,342.262,7.4,
455,2013-12-01,272.862,,172.81988377300400,257.284,3965.0709799043300,2.00,9900895,30.70%,247415.0,6.40%,344.054,,,343.180,7.2,
456,2014-01-01,277.625,227.95,173.54419178413000,259.596,2052.2070421219500,1.62,9882189,,,,345.395,63479,19280.929,344.509,7.0,1509213.361
457,2014-02-01,275.507,,173.55197437745200,259.019,3961.6607767439400,1.65,9869219,,,,344.667,,,343.730,6.9,
458,2014-03-01,276.078,,173.47762214333600,259.971,5761.7074422178100,2.94,9864105,31.10%,246899.0,6.20%,345.194,,,344.819,6.8,
459,2014-04-01,275.770,230.44,173.31538661000200,259.985,3969.7117036954400,3.92,9865700,,,,346.149,,,346.679,6.7,
460,2014-05-01,277.037,,173.48417686208900,261.225,3712.7622741085100,3.55,9871982,,,,346.870,,,347.910,6.6,
461,2014-06-01,277.240,,174.17938296639900,261.350,2496.2862510170600,3.03,9881007,30.70%,245725.0,5.90%,347.563,,,348.329,6.5,
462,2014-07-01,277.203,233.54,174.68122044830800,261.498,4818.6446820309700,2.89,9888734,,,,347.772,,,349.097,6.4,
463,2014-08-01,277.613,,174.85009390787000,261.075,3119.6151556766700,2.62,9894950,,,,348.723,,,350.591,6.3,
464,2014-09-01,276.841,,174.83268192871500,261.074,5100.9122099700300,2.83,9900925,30.50%,244807.0,5.70%,349.085,,,350.887,6.2,
465,2014-10-01,276.521,235.86,174.79430048862900,260.500,2736.1246357321200,2.81,9906070,,,,348.765,,,351.398,6.1,
466,2014-11-01,275.897,,174.65172978971400,259.382,3379.5608800741700,2.70,9910211,,,,349.743,,,352.808,6.0,
467,2014-12-01,275.669,,175.56650309063200,258.080,3185.0102114621100,2.50,9916374,30.10%,245397.0,5.50%,349.995,,,353.288,5.9,
468,2015-01-01,277.285,238.50,176.14530249486900,258.376,3844.6415837546800,1.70,9924653,,,,351.300,66212,19320.968,353.748,5.9,1576387.303
469,2015-02-01,278.464,,176.79932727824400,259.240,2806.4154817519300,1.65,9933930,,,,351.807,,,354.447,5.8,
470,2015-03-01,277.589,,176.74945442983700,259.647,5295.4934417868800,2.57,9942669,30.20%,246711.0,5.30%,351.892,,,355.451,5.7,
471,2015-04-01,277.917,240.02,177.66620667455000,259.959,9883.0179546527700,3.28,9948378,,,,353.084,,,355.424,5.7,
472,2015-05-01,278.276,,178.23562917406400,261.066,16025.3277735940000,3.30,9948867,,,,353.649,,,357.021,5.5,
473,2015-06-01,279.665,,178.66134145400500,261.512,17516.2751882267000,3.01,9942509,29.50%,244545.0,4.90%,355.136,,,357.922,5.4,
474,2015-07-01,279.811,244.04,178.82188426823400,261.199,3543.5067118666500,2.95,9932052,,,,355.598,,,359.322,5.2,
475,2015-08-01,279.988,,179.08266065815200,261.347,3349.0484129470200,2.60,9922051,,,,356.962,,,360.239,5.1,
476,2015-09-01,281.295,,179.26302469395700,261.887,3125.9930390306500,2.50,9916029,29.60%,244712.0,4.60%,358.867,,,363.025,5.0,
477,2015-10-01,280.808,245.65,179.66721287638200,261.515,4534.8866323236300,3.15,9918639,,,,359.380,,,364.511,4.9,
478,2015-11-01,280.746,,180.33676600881600,261.009,3625.8048782782800,2.47,9930249,,,,359.730,,,365.524,4.9,
479,2015-12-01,280.056,,180.49230790463100,259.941,9010.4039379667900,2.42,9945448,28.90%,244684.0,4.30%,360.339,,,366.776,4.8,
480,2016-01-01,280.378,247.75,180.51814848176900,260.342,1734.1952957784500,2.53,9957219,,,,360.930,68703,19334.778,367.552,4.8,1640015.703
481,2016-02-01,280.952,,180.64042236955800,260.875,4523.6089552550000,2.05,9961904,,,,361.705,,,368.693,4.8,
482,2016-03-01,282.322,,181.36417711374200,261.508,2657.4117761721400,2.40,9958685,29.30%,246009.0,4.00%,362.266,,,369.185,4.8,
483,2016-04-01,282.662,251.21,182.10043011578500,262.619,3157.9235774779300,1.76,9951056,,,,362.873,,,369.579,4.8,
484,2016-05-01,283.325,,182.23029070562500,263.312,3020.5084051747100,1.00,9944343,,,,363.763,,,370.558,4.8,
485,2016-06-01,285.090,,182.79160866181200,263.877,3466.7557274704100,1.73,9940596,28.80%,244657.0,3.40%,365.279,,,370.763,4.9,
486,2016-07-01,285.748,254.44,183.24279578132500,263.722,2703.7030389018200,2.43,9939025,,,,365.812,,,371.871,4.9,
487,2016-08-01,286.282,,183.61481608220900,264.160,4099.0179438809100,2.25,9937297,,,,366.890,,,372.487,4.9,
488,2016-09-01,286.331,,183.54993299748100,264.602,4486.4603723445100,1.89,9933628,28.50%,243963.0,3.20%,368.429,,,373.441,4.9,
489,2016-10-01,286.510,257.55,183.78381135626400,264.738,2675.2470941348300,1.74,9927712,,,,369.572,,,374.891,4.8,
490,2016-11-01,287.452,,185.05077564144700,265.203,3401.5077508941900,2.39,9922104,,,,370.812,,,375.539,4.7,
491,2016-12-01,288.586,,185.82459569244200,265.421,4003.8713376055600,2.63,9920787,28.00%,244455.0,2.90%,371.213,,,377.194,4.6,
492,2017-01-01,289.262,260.56,187.09427252053800,266.917,6025.9579672881600,2.70,9925376,,,,371.656,73093,19322.607,377.224,4.5,1699894.281
493,2017-02-01,289.614,,187.31716403193900,267.662,3829.5659764880300,2.30,9934670,,,,371.598,,,377.592,4.5,
494,2017-03-01,289.620,,188.76391910250100,267.582,3707.7467221433700,1.49,9944883,28.40%,245031.0,2.90%,371.431,,,378.523,4.4,
495,2017-04-01,289.908,264.53,189.52548492643000,267.948,4615.6533642987600,1.67,9954169,,,,371.660,,,378.952,4.5,
496,2017-05-01,290.950,,189.95691660993500,268.183,4135.4723253479800,2.62,9961048,,,,372.968,,,380.197,4.5,
497,2017-06-01,292.150,,190.05270513605900,268.666,3271.3860257167400,2.17,9964869,28.40%,245422.0,2.60%,373.131,,,380.805,4.6,
498,2017-07-01,292.019,268.37,190.84008139509200,268.051,3712.8557689927300,1.56,9964441,,,,373.857,,,381.149,4.6,
499,2017-08-01,292.898,,191.88276790794600,268.657,4041.0210027963400,1.96,9956858,,,,375.867,,,383.150,4.6,
500,2017-09-01,292.867,,192.94983997143000,270.059,3512.2135745538100,2.34,9941741,28.00%,245631.0,2.50%,376.459,,,383.268,4.6,
501,2017-10-01,292.432,271.29,194.41417726197600,269.575,3988.1853409819000,2.30,9922501,,,,377.324,,,384.111,4.5,
502,2017-11-01,292.699,,195.32436220023300,269.381,3415.7372047174400,2.40,9904352,,,,377.483,,,384.611,4.5,
503,2017-12-01,293.988,,195.94431086624800,269.564,4683.6909807895100,1.92,9891465,27.70%,245359.0,2.40%,378.344,,,385.109,4.4,
504,2018-01-01,294.441,275.84,196.66511960139700,270.771,3296.9998832679500,1.37,9886576,,,,379.859,76565,19276.644,385.646,4.3,1799148.324
505,2018-02-01,295.424,,197.78295417171700,272.214,4834.3644310061000,2.77,9890102,,,,379.631,,,385.822,4.3,
506,2018-03-01,296.511,,198.12073433582800,272.196,4957.0198713516000,1.80,9897633,28.10%,244424.0,2.20%,380.273,,,386.926,4.2,
507,2018-04-01,296.698,277.36,197.72389925172000,272.950,2877.6767204780300,1.52,9902720,,,,381.837,,,387.142,4.1,
508,2018-05-01,297.999,,197.92230682933100,274.001,5466.2218271983000,2.18,9901464,,,,382.333,,,387.701,4.1,
509,2018-06-01,298.099,,198.04634843873400,274.170,3850.0939820776200,1.77,9895650,27.60%,244131.0,2.00%,382.629,,,387.522,4.0,
510,2018-07-01,298.964,280.18,198.11363476059400,274.073,4010.8363405773800,1.46,9888987,,,,383.544,,,388.214,3.9,
511,2018-08-01,298.629,,198.47734039284900,274.441,3118.5537081151300,1.81,9886017,,,,384.801,,,390.007,3.8,
512,2018-09-01,299.187,,198.60596614368900,275.455,2928.6864502081600,2.37,9889425,27.80%,245242.0,1.90%,385.092,,,389.528,3.8,
513,2018-10-01,299.024,280.46,200.03685753246200,275.101,3500.4731808414400,3.16,9899509,,,,386.139,,,391.085,3.8,
514,2018-11-01,298.697,,200.79292420195500,274.478,3968.3261577304700,2.44,9914618,,,,387.314,,,392.388,3.8,
515,2018-12-01,299.249,,201.41030147033100,273.836,3379.4065685333900,2.11,9929644,27.00%,244777.0,1.90%,387.875,,,392.999,3.9,
516,2019-01-01,301.140,283.26,201.58085873687000,275.144,4598.8738305000000,2.27,9938051,,,,387.961,79844,19216.182,394.041,3.9,1861147.410
517,2019-02-01,301.233,,201.55653099328500,275.823,4467.4672640230900,2.15,9935994,,,,388.130,,,395.438,3.8,
518,2019-03-01,301.791,,201.16561468740700,276.570,3745.5195606861300,1.98,9925662,27.50%,244741.0,1.70%,388.481,,,396.754,3.8,
519,2019-04-01,302.413,286.91,201.11975993965000,277.441,4214.9566958842500,1.62,9913462,,,,389.461,,,398.932,3.7,
520,2019-05-01,302.192,,201.22637802994400,278.068,3579.0489545094300,0.62,9905714,,,,389.385,,,399.681,3.6,
521,2019-06-01,303.608,,200.79182195759600,278.802,3977.7286961753700,1.00,9907204,27.60%,244119.0,1.50%,389.395,,,400.852,3.6,
522,2019-07-01,303.892,290.46,200.50769392411800,278.817,4260.5032622611200,1.14,9919014,,,,390.747,,,401.406,3.6,
523,2019-08-01,303.603,,200.60598551209200,279.428,5090.5569588720300,1.01,9937578,,,,391.837,,,402.171,3.6,
524,2019-09-01,304.799,,200.29110104844500,279.338,4911.3145786112000,0.73,9956186,27.50%,243818.0,1.70%,392.984,,,403.173,3.6,
525,2019-10-01,303.491,292.78,201.91276123731600,279.255,6074.9467546126700,-0.12,9971093,,,,393.061,,,402.619,3.7,
526,2019-11-01,304.498,,202.46735697083200,279.468,6341.9290277299400,0.24,9982443,,,,394.943,,,404.275,3.7,
527,2019-12-01,305.331,,203.41028002777500,279.816,4781.1278609211200,-0.45,9990216,27.50%,244111.0,1.70%,395.348,,,404.797,3.7,
528,2020-01-01,307.061,295.19,203.36733113919900,282.020,6118.8598309019700,,9983926,,,,397.216,,,405.906,3.6,
529,2020-02-01,307.210,,204.36530612316900,282.577,3974.6767769552700,,10003112,,,,397.398,,,406.261,3.5,
530,2020-03-01,307.537,,204.69494812796900,281.975,3596.0757417009300,,9882556,,,,398.296,,,406.933,4.0,
531,2020-04-01,306.467,295.18,205.02033736554800,280.623,1713.2168232956200,,9475305,,,,399.459,,,407.462,15.8,
532,2020-05-01,306.606,,204.72926760372900,282.092,3080.3350468985000,,9487551,,,,399.705,,,407.966,15.7,
533,2020-06-01,308.680,,204.48323878018000,282.333,4557.5820928218000,,9827684,,,,399.885,,,408.318,17.2,
534,2020-07-01,308.945,299.13,205.03178981494000,283.624,4559.2888412765300,,9976207,,,,400.007,,,408.845,16.3,
535,2020-08-01,308.825,,207.15752945318000,283.478,3454.6303756386600,,9907735,,,,400.495,,,409.042,12.9,
536,2020-09-01,309.494,,208.83208882126600,284.551,5296.7913441681400,,9529690,,,,401.056,,,409.663,9.5,
537,2020-10-01,308.123,,,284.121,4244.7185514507800,,9531324,,,,400.726,,,409.322,9.5,
538,2020-11-01,308.787,,,283.291,4318.1603340576600,,,,,,401.327,,,410.546,,
